Id,SalePrice,OverallQual,ExterQual,GarageCars,YearBuilt,YearRemodAdd,KitchenQual,Foundation,HalfBath,GrLivArea,BsmtQual,LotArea,FullBath,TotRmsAbvGrd
1,208500,7,Gd,2,2003,2003,Gd,PConc,1,1710,Gd,8450,2,8
2,181500,6,TA,2,1976,1976,TA,CBlock,0,1262,Gd,9600,2,6
3,223500,7,Gd,2,2001,2002,Gd,PConc,1,1786,Gd,11250,2,6
4,140000,7,TA,3,1915,1970,Gd,BrkTil,0,1717,TA,9550,1,7
5,250000,8,Gd,3,2000,2000,Gd,PConc,1,2198,Gd,14260,2,9
6,143000,5,TA,2,1993,1995,TA,Wood,1,1362,Gd,14115,1,5
7,307000,8,Gd,2,2004,2005,Gd,PConc,0,1694,Ex,10084,2,7
8,200000,7,TA,2,1973,1973,TA,CBlock,1,2090,Gd,10382,2,7
9,129900,7,TA,2,1931,1950,TA,BrkTil,0,1774,TA,6120,2,8
10,118000,5,TA,1,1939,1950,TA,BrkTil,0,1077,TA,7420,1,5
11,129500,5,TA,1,1965,1965,TA,CBlock,0,1040,TA,11200,1,5
12,345000,9,Ex,3,2005,2006,Ex,PConc,0,2324,Ex,11924,3,11
13,144000,5,TA,1,1962,1962,TA,CBlock,0,912,TA,12968,1,4
14,279500,7,Gd,3,2006,2007,Gd,PConc,0,1494,Gd,10652,2,7
15,157000,6,TA,1,1960,1960,TA,CBlock,1,1253,TA,10920,1,5
16,132000,7,TA,2,1929,2001,TA,BrkTil,0,854,TA,6120,1,5
17,149000,6,TA,2,1970,1970,TA,CBlock,0,1004,TA,11241,1,5
19,159000,5,TA,2,2004,2004,Gd,PConc,1,1114,TA,13695,1,6
20,139000,5,TA,1,1958,1965,TA,CBlock,0,1339,TA,7560,1,6
21,325300,8,Gd,3,2005,2006,Gd,PConc,1,2376,Ex,14215,3,9
22,139400,7,TA,1,1930,1950,Gd,PConc,0,1108,TA,7449,1,6
23,230000,8,Gd,2,2002,2002,Gd,PConc,0,1795,Gd,9742,2,7
24,129900,5,TA,2,1976,1976,TA,PConc,0,1060,Gd,4224,1,6
25,154000,5,TA,1,1968,2001,Gd,CBlock,0,1060,TA,8246,1,6
26,256300,8,Gd,3,2007,2007,Gd,PConc,0,1600,Gd,14230,2,7
27,134800,5,TA,2,1951,2000,Gd,CBlock,0,900,TA,7200,1,5
28,306000,8,Gd,3,2007,2008,Gd,PConc,0,1704,Ex,11478,2,7
29,207500,5,TA,1,1957,1997,TA,CBlock,0,1600,TA,16321,1,6
30,68500,4,TA,1,1927,1950,Fa,BrkTil,0,520,TA,6324,1,4
31,40000,4,TA,1,1920,1950,TA,BrkTil,0,1317,TA,8500,1,6
32,149350,5,TA,1,1966,2006,Gd,CBlock,1,1228,TA,8544,1,6
33,179900,8,Gd,2,2007,2007,Gd,PConc,0,1234,Ex,11049,2,7
34,165500,5,TA,2,1959,1959,Gd,CBlock,1,1700,TA,10552,1,6
35,277500,9,Ex,2,2005,2005,Ex,PConc,0,1561,Ex,7313,2,6
36,309000,8,Gd,3,2004,2005,Gd,PConc,1,2452,Ex,13418,3,9
37,145000,5,TA,2,1994,1995,TA,PConc,1,1097,Gd,10859,1,6
38,153000,5,TA,2,1954,1990,TA,CBlock,0,1297,TA,8532,1,5
39,109000,5,TA,1,1953,2007,Gd,CBlock,0,1057,TA,7922,1,5
41,160000,6,TA,2,1965,1965,TA,CBlock,0,1324,TA,8658,2,6
42,170000,5,TA,1,1959,1959,TA,CBlock,1,1328,TA,16905,1,5
43,144000,5,TA,2,1983,1983,Gd,CBlock,0,884,Gd,9180,1,5
44,130250,5,TA,1,1975,1980,TA,CBlock,0,938,Gd,9200,1,5
45,141000,5,TA,1,1959,1959,TA,CBlock,0,1150,TA,7945,1,6
46,319900,9,Ex,2,2005,2005,Ex,PConc,0,1752,Ex,7658,2,6
47,239686,7,Gd,2,2003,2003,Gd,PConc,1,2149,Ex,12822,1,6
48,249700,8,Gd,3,2006,2006,Gd,PConc,0,1656,Gd,11096,2,7
49,113000,4,TA,0,1920,2008,TA,BrkTil,0,1452,TA,4456,2,8
50,127000,5,TA,1,1966,1966,TA,CBlock,0,955,TA,7742,1,6
51,177000,6,TA,2,1997,1997,TA,PConc,0,1470,Gd,13869,2,6
52,114500,6,TA,2,1934,1950,TA,PConc,0,1176,TA,6240,1,6
53,110000,5,Fa,2,1963,1963,TA,CBlock,0,816,Gd,8472,1,5
54,385000,9,Gd,3,1981,1987,Gd,CBlock,1,1842,Ex,50271,0,5
55,130000,5,TA,2,1955,1955,TA,CBlock,0,1360,TA,7134,1,6
56,180500,6,TA,2,1964,1964,TA,CBlock,0,1425,TA,10175,2,7
57,172500,8,Gd,2,1999,2000,Gd,PConc,1,1739,Gd,2645,2,7
58,196500,7,Gd,2,2004,2004,Gd,PConc,1,1720,Gd,11645,2,7
59,438780,10,Ex,3,2006,2006,Gd,PConc,1,2945,Ex,13682,3,10
60,124900,5,TA,1,1972,1972,TA,CBlock,0,780,TA,7200,1,4
61,158000,6,TA,2,2004,2004,Gd,PConc,1,1158,Gd,13072,1,5
62,101000,5,TA,1,1920,1996,Fa,BrkTil,0,1111,TA,7200,1,6
63,202500,8,Gd,2,2006,2006,Gd,PConc,0,1370,Gd,6442,2,6
64,140000,7,TA,2,1921,1950,TA,BrkTil,0,1710,TA,10300,2,9
65,219500,7,TA,2,1997,1998,Gd,PConc,1,2034,Gd,9375,2,8
66,317000,8,Gd,3,2004,2005,Gd,PConc,1,2473,Ex,9591,2,9
67,180000,7,TA,2,1970,1989,TA,CBlock,0,2207,Gd,19900,2,7
68,226000,7,Gd,2,2003,2003,Gd,PConc,0,1479,Gd,10665,2,7
69,80000,4,TA,1,1945,1950,TA,CBlock,0,747,TA,4608,1,4
70,225000,7,Gd,2,1953,1953,TA,CBlock,0,2287,TA,15593,2,7
71,244000,7,TA,2,1973,1973,TA,CBlock,0,2223,Gd,13651,2,8
72,129500,4,TA,2,1982,2006,TA,CBlock,0,845,TA,7599,1,4
73,185000,7,TA,2,1998,1998,TA,PConc,1,1718,Gd,10141,2,7
74,144900,5,TA,2,1954,2003,TA,CBlock,0,1086,TA,10200,1,6
75,107400,3,Gd,1,1915,1950,TA,CBlock,0,1605,Fa,5790,2,8
76,91000,4,TA,1,1973,1973,TA,CBlock,0,988,Gd,1596,1,5
77,135750,4,TA,1,1956,1956,TA,CBlock,0,952,TA,8475,1,4
78,127000,5,TA,1,1948,2001,TA,CBlock,0,1285,TA,8635,1,6
79,136500,4,TA,0,1968,1968,TA,CBlock,0,1768,TA,10778,2,8
80,110000,5,TA,2,1910,1981,TA,PConc,1,1230,TA,10440,1,5
81,193500,6,TA,1,1968,1968,Gd,CBlock,1,2142,Gd,13000,2,8
82,153500,6,TA,2,1998,1998,TA,PConc,0,1337,Ex,4500,2,5
83,245000,8,TA,3,2007,2007,Gd,PConc,0,1563,Gd,10206,2,6
84,126500,5,TA,2,1960,1960,TA,CBlock,1,1065,TA,8892,1,6
85,168500,7,TA,2,1995,1996,TA,PConc,1,1474,Gd,8530,2,7
86,260000,8,Gd,2,1991,1992,Gd,CBlock,1,2417,Gd,16059,2,9
87,174000,6,Gd,2,2005,2005,Gd,PConc,1,1560,Gd,11911,2,6
88,164500,6,Gd,2,2009,2009,Gd,PConc,1,1224,Gd,3951,2,4
89,85000,3,Fa,0,1915,1982,Fa,CBlock,0,1526,TA,8470,1,6
90,123600,4,TA,0,1994,1995,TA,PConc,0,990,Gd,8070,1,5
92,98600,5,TA,2,1961,1961,TA,CBlock,0,1235,TA,8500,1,6
93,163500,5,TA,2,1921,2006,TA,BrkTil,0,964,Gd,13360,1,5
94,133900,6,TA,2,1910,1998,TA,BrkTil,0,2291,TA,7200,2,9
95,204750,6,TA,2,1997,1997,Gd,PConc,1,1786,Gd,9337,2,7
96,185000,6,Ex,2,1993,1993,TA,PConc,1,1470,Gd,9765,2,6
97,214000,7,Gd,2,1999,1999,Gd,PConc,0,1588,Gd,10264,2,6
98,94750,4,TA,1,1965,1965,TA,CBlock,0,960,TA,10921,1,6
99,83000,5,TA,1,1920,1950,TA,BrkTil,0,835,TA,10625,1,5
100,128950,4,TA,0,1959,1959,TA,CBlock,1,1225,TA,9320,1,6
101,205000,6,TA,2,1977,2001,Gd,PConc,0,1610,TA,10603,2,6
102,178000,6,Gd,2,1985,1985,Gd,CBlock,1,1732,Gd,9206,2,7
104,198900,7,TA,3,2009,2009,Gd,PConc,0,1226,Gd,10402,2,6
105,169500,7,TA,1,1931,1950,TA,PConc,1,1818,TA,7758,1,7
106,250000,8,Gd,2,2003,2004,Gd,PConc,1,1992,Ex,9375,2,9
107,100000,4,TA,1,1885,1995,TA,BrkTil,0,1047,Fa,10800,1,6
108,115000,5,TA,1,1948,1950,TA,CBlock,0,789,TA,6000,1,5
109,115000,5,TA,0,1919,2005,Fa,CBlock,0,1517,TA,8500,2,7
110,190000,6,TA,2,1977,1977,TA,CBlock,0,1844,Gd,11751,2,7
111,136900,6,TA,1,1954,1972,TA,CBlock,0,1855,TA,9525,2,7
112,180000,7,TA,2,2000,2000,TA,PConc,1,1430,Gd,7750,2,7
113,383970,7,Gd,3,2007,2007,Ex,PConc,1,2696,Ex,9965,2,10
114,217000,6,TA,2,1953,1953,Gd,CBlock,0,2259,Gd,21000,2,7
115,259500,6,TA,1,1945,2002,Gd,CBlock,1,2320,TA,7259,2,9
116,176000,6,TA,2,1999,1999,TA,PConc,1,1458,Gd,3230,2,5
117,139000,5,TA,1,1962,1962,TA,CBlock,0,1092,TA,11616,1,6
118,155000,5,TA,2,2006,2007,TA,PConc,1,1125,Gd,8536,1,5
119,320000,7,TA,3,1990,1990,Gd,PConc,0,3222,Gd,12376,3,11
120,163990,6,Gd,2,2005,2006,Gd,PConc,1,1456,Gd,8461,2,8
121,180000,6,TA,2,1969,1969,TA,CBlock,0,988,TA,21453,1,4
122,100000,4,TA,1,1939,1950,TA,PConc,0,1123,TA,6060,1,4
123,136000,6,TA,1,1958,1958,TA,CBlock,0,1080,TA,9464,1,5
124,153900,6,Gd,2,1993,1993,Gd,PConc,0,1199,Gd,7892,2,5
125,181000,6,TA,2,1979,1998,TA,CBlock,0,1586,Gd,17043,2,7
126,84500,6,TA,0,1935,1982,TA,CBlock,0,754,TA,6780,1,5
127,128000,6,TA,2,1976,1976,TA,CBlock,0,958,Gd,4928,2,5
128,87000,5,TA,0,1930,1950,TA,BrkTil,0,840,TA,4388,1,5
129,155000,6,TA,2,1966,1966,TA,CBlock,1,1348,TA,7590,1,6
130,150000,5,TA,2,1958,1991,Ex,CBlock,1,1053,TA,8973,1,6
131,226000,7,TA,2,1966,1966,Gd,CBlock,1,2157,TA,14200,2,8
132,244000,6,Gd,2,2000,2000,Gd,PConc,1,2054,Gd,12224,2,7
133,150750,5,TA,2,1959,2002,Gd,CBlock,0,1327,TA,7388,1,7
134,220000,8,Gd,2,2001,2002,Gd,PConc,0,1296,Ex,6853,2,6
135,180000,5,TA,2,1968,1993,TA,CBlock,1,1721,TA,10335,2,7
136,174000,7,TA,2,1970,1970,TA,PConc,0,1682,TA,10400,2,7
137,143000,5,TA,1,1967,1967,TA,CBlock,0,1214,TA,10355,2,5
138,171000,7,TA,3,1988,1989,TA,CBlock,0,1959,TA,11070,3,9
139,230000,8,Gd,3,1999,2000,Gd,PConc,1,1852,Gd,9066,2,7
140,231500,6,TA,2,1997,1997,Gd,PConc,1,1764,Gd,15426,2,7
141,115000,4,TA,0,1971,1971,TA,CBlock,0,864,TA,10500,1,5
142,260000,7,Gd,2,2005,2005,Gd,PConc,0,1734,Gd,11645,2,7
143,166000,5,TA,2,1952,1952,TA,CBlock,0,1385,TA,8520,2,6
144,204000,7,Gd,2,1999,1999,Gd,PConc,0,1501,Gd,10335,2,6
145,125000,5,TA,2,1963,1963,TA,CBlock,0,1728,TA,9100,2,10
146,130000,6,Gd,2,2004,2006,Gd,PConc,0,1709,Gd,2522,2,7
147,105000,5,TA,1,1931,1993,TA,BrkTil,0,875,TA,6120,1,5
148,222500,7,Gd,2,2001,2001,Gd,PConc,1,2035,Gd,9505,2,8
149,141000,7,TA,0,2004,2005,Gd,PConc,0,1080,Gd,7500,1,6
150,115000,5,TA,1,1936,1950,TA,BrkTil,0,1344,Gd,6240,1,7
151,122000,5,TA,2,1975,1975,TA,CBlock,1,969,TA,10356,1,5
152,372402,8,Gd,3,2007,2008,Gd,PConc,0,1710,Ex,13891,2,6
153,190000,6,TA,2,1971,1971,TA,CBlock,1,1993,TA,14803,2,8
154,235000,6,TA,2,1960,1975,TA,CBlock,0,1252,Gd,13500,1,4
155,125000,6,TA,1,1923,1950,TA,BrkTil,0,1200,TA,11340,1,7
156,79000,6,TA,0,1924,1950,TA,BrkTil,0,1096,TA,9600,1,5
158,269500,8,Gd,3,2009,2010,Ex,PConc,1,1968,Ex,12003,2,8
159,254900,7,Gd,2,2004,2005,Gd,PConc,1,1947,Gd,12552,2,8
160,320000,7,Gd,2,2005,2006,Gd,PConc,1,2462,Gd,19378,2,9
161,162500,6,TA,2,1984,1984,TA,PConc,0,1232,Gd,11120,2,6
162,412500,9,Gd,3,2003,2004,Ex,PConc,1,2668,Ex,13688,2,10
163,220000,7,Gd,2,2005,2005,Gd,PConc,0,1541,Gd,12182,2,7
164,103200,4,TA,0,1956,1956,TA,CBlock,0,882,TA,5500,1,4
165,152000,6,TA,1,1926,2004,Gd,BrkTil,0,1616,TA,5400,2,5
166,127500,5,TA,0,1940,1999,TA,BrkTil,0,1355,TA,10106,2,6
167,190000,5,Gd,1,1955,1993,TA,CBlock,0,1867,TA,10708,1,7
168,325624,8,Gd,3,2007,2007,Ex,PConc,1,2161,Ex,10562,1,8
169,183500,7,Gd,2,2004,2004,Gd,PConc,1,1720,Gd,8244,2,7
170,228000,8,Gd,2,1981,1981,TA,CBlock,1,1707,Gd,16669,2,6
171,128500,5,TA,2,1941,1950,TA,CBlock,1,1382,TA,12358,1,7
172,215000,6,TA,2,1960,1960,TA,CBlock,0,1656,TA,31770,1,7
173,239000,7,Gd,2,1987,1987,Gd,PConc,0,1767,Gd,5306,2,5
174,163000,6,TA,2,1961,1961,TA,CBlock,1,1362,TA,10197,1,6
175,184000,6,TA,2,1986,1986,TA,CBlock,0,1651,Gd,12416,2,7
176,243000,6,TA,2,1950,2001,Gd,CBlock,0,2158,TA,12615,2,7
177,211000,6,Gd,2,1988,1989,TA,PConc,1,2060,Gd,10029,2,8
178,172500,5,Gd,2,1958,1958,Gd,CBlock,0,1920,TA,13650,2,8
179,501837,9,Ex,3,2008,2009,Ex,PConc,0,2234,Ex,17423,2,9
180,100000,5,Gd,2,1923,2006,TA,CBlock,0,968,TA,8520,1,5
181,177000,6,Gd,2,2000,2000,Gd,PConc,1,1525,Gd,2117,2,5
182,200100,7,TA,1,1920,1950,TA,BrkTil,1,1802,Fa,7588,1,9
184,200000,7,TA,2,2003,2003,Gd,PConc,1,2082,Gd,11426,2,6
185,127000,5,TA,2,1908,1991,TA,PConc,0,1252,Fa,7438,1,5
186,475000,10,Gd,3,1892,1993,Ex,BrkTil,1,3608,TA,22950,2,12
187,173000,7,TA,2,1990,1991,Gd,PConc,0,1217,Gd,9947,2,6
188,135000,5,TA,1,1916,1987,TA,CBlock,1,1656,Fa,10410,2,8
189,153337,5,TA,2,1979,1979,TA,CBlock,2,1224,Gd,7018,0,6
190,286000,8,Gd,2,2001,2002,Ex,PConc,1,1593,Ex,4923,1,5
191,315000,8,Gd,2,1932,1994,Gd,CBlock,1,2727,Gd,10570,2,10
192,184000,7,TA,2,1972,2004,Gd,CBlock,1,1479,TA,7472,1,7
193,192000,7,Gd,2,1999,1999,Gd,PConc,0,1431,Gd,9017,2,6
194,130000,7,Gd,2,2004,2004,Gd,PConc,0,1709,Gd,2522,2,7
195,127000,5,TA,1,1972,1972,TA,CBlock,0,864,TA,7180,1,5
196,148500,6,TA,2,1976,1976,TA,CBlock,1,1456,Gd,2280,2,7
197,311872,7,Ex,3,2007,2007,Ex,PConc,0,1726,Ex,9416,2,8
198,235000,8,Gd,2,1918,1990,Gd,PConc,0,3112,TA,25419,2,8
199,104000,6,TA,0,1912,1950,TA,CBlock,0,2229,TA,5520,1,8
200,274900,8,Gd,3,2004,2005,Ex,PConc,0,1713,Ex,9591,2,7
201,140000,4,TA,2,2003,2004,TA,PConc,0,1121,Gd,8546,2,5
202,171500,6,TA,2,1977,1977,TA,CBlock,0,1279,TA,10125,2,6
203,112000,6,TA,1,1924,1950,TA,BrkTil,0,1310,Fa,7000,2,6
204,149000,6,Gd,2,2004,2004,Gd,PConc,0,848,Gd,4438,1,3
205,110000,5,TA,1,1947,1950,TA,CBlock,1,1284,TA,3500,1,5
206,180500,7,TA,2,1990,1990,TA,PConc,0,1442,Gd,11851,2,5
207,143900,5,TA,1,1962,1962,TA,CBlock,1,1696,TA,13673,1,8
208,141000,4,TA,1,1960,1960,TA,PConc,0,1100,TA,12493,1,6
209,277000,7,Gd,2,1988,1989,TA,CBlock,1,2062,Gd,14364,2,7
210,145000,6,TA,2,1964,1964,TA,CBlock,0,1092,Gd,8250,1,6
211,98000,5,TA,0,1925,1950,TA,CBlock,0,864,TA,5604,1,5
212,186000,6,TA,2,2009,2009,Gd,PConc,0,1212,Gd,10420,2,6
213,252678,7,TA,2,2009,2009,Gd,PConc,1,1852,Gd,8640,2,7
214,156000,5,TA,2,1995,1995,TA,PConc,0,990,Gd,13568,1,5
215,161750,6,TA,1,1977,1977,TA,CBlock,1,1392,Gd,10900,1,6
216,134450,5,TA,1,1957,1996,Gd,CBlock,0,1236,TA,10011,1,6
217,210000,7,Gd,2,2004,2004,Gd,PConc,0,1436,Gd,8450,2,8
218,107000,4,TA,1,1925,1950,TA,CBlock,0,1328,TA,9906,1,8
219,311500,7,Gd,2,1939,2006,Gd,CBlock,1,1954,TA,15660,1,8
220,167240,7,Gd,2,2005,2006,Gd,PConc,0,1248,Gd,3010,2,5
221,204900,7,Gd,2,2006,2006,Gd,PConc,0,1498,Gd,8990,2,5
222,200000,6,Gd,2,2002,2002,Gd,PConc,1,2267,Gd,8068,2,8
223,179900,6,TA,2,1975,1975,TA,CBlock,1,1552,Gd,11475,2,6
224,97000,4,TA,2,1971,1971,TA,CBlock,0,864,TA,10500,1,4
225,386250,10,Ex,3,2003,2003,Ex,PConc,0,2392,Ex,13472,2,8
226,112000,5,TA,1,1971,1971,TA,CBlock,1,1302,TA,1680,2,6
227,290000,7,Gd,3,1995,1995,Gd,PConc,1,2520,Gd,9950,2,9
228,106000,6,TA,1,1970,1970,TA,CBlock,1,987,TA,1869,1,5
229,125000,5,TA,1,1967,1967,TA,CBlock,0,912,TA,8521,1,5
230,192500,7,Gd,2,2005,2006,Gd,PConc,0,1555,Gd,3182,2,7
231,148000,6,TA,1,1959,1959,TA,CBlock,0,1194,TA,8760,1,6
232,403000,8,Gd,3,1995,1996,Ex,PConc,1,2794,Gd,15138,2,9
233,94500,6,TA,1,1972,1972,TA,CBlock,1,987,TA,1680,1,5
234,128200,5,TA,1,1976,1976,TA,CBlock,0,894,TA,10650,1,5
235,216500,6,Gd,2,2002,2002,Gd,PConc,1,1960,Gd,7851,2,8
236,89500,6,TA,1,1971,1971,TA,CBlock,1,987,TA,1680,1,5
237,185500,7,Gd,2,2004,2004,Gd,PConc,0,1414,Gd,8773,2,6
238,194500,7,Gd,2,1993,2003,Gd,PConc,1,1744,Gd,9453,2,7
239,318000,8,Ex,3,2007,2007,Gd,PConc,0,1694,Ex,12030,2,7
240,113000,6,TA,1,1945,1950,TA,CBlock,1,1487,TA,8741,1,7
241,262500,8,Gd,2,2008,2008,Gd,PConc,0,1566,Gd,9000,2,7
242,110500,5,TA,0,1945,1997,Gd,CBlock,0,866,TA,3880,1,4
243,79000,5,TA,1,1900,1950,TA,BrkTil,0,1440,TA,5000,1,6
244,120000,6,TA,1,1980,1980,TA,CBlock,1,1217,Gd,10762,1,6
245,205000,7,Gd,2,1994,2002,Gd,PConc,1,2110,Gd,8880,2,8
246,241500,7,TA,2,1988,1988,TA,CBlock,0,1872,Gd,10400,2,6
247,137000,6,TA,1,1910,1950,Fa,Stone,0,1928,Fa,9142,2,9
248,140000,6,TA,2,1954,1954,TA,CBlock,0,1375,TA,11310,1,5
249,180000,7,Gd,2,2003,2003,Gd,PConc,1,1668,Gd,11317,2,8
250,277000,6,Gd,2,1958,2006,Gd,CBlock,0,2144,Gd,159000,2,7
251,76500,3,TA,0,1940,1966,Fa,CBlock,0,1306,TA,5350,1,6
252,235000,8,Gd,2,2006,2007,Gd,PConc,0,1625,Gd,4750,2,5
253,173000,6,Gd,2,2004,2004,Gd,PConc,1,1640,Gd,8366,2,6
254,158000,6,TA,1,1964,1991,Gd,CBlock,0,1302,Gd,9350,2,7
255,145000,5,TA,1,1957,1957,TA,CBlock,0,1314,TA,8400,1,5
256,230000,7,Gd,2,1999,1999,Gd,PConc,1,2291,Gd,8738,2,8
257,207500,6,Gd,2,2003,2003,Gd,PConc,1,1728,Gd,8791,2,7
258,220000,7,Gd,2,2006,2006,Gd,PConc,1,1604,Gd,8814,2,8
259,231500,7,Gd,2,2001,2001,Gd,PConc,1,1792,Gd,12435,2,7
261,176000,6,TA,2,1962,1962,TA,CBlock,0,1382,TA,19296,1,6
262,276000,8,Gd,3,2007,2007,Ex,PConc,1,2574,Ex,9588,2,10
263,151000,6,TA,2,1977,1995,TA,CBlock,0,1212,Gd,8471,1,6
264,130000,5,TA,2,1929,2001,TA,BrkTil,0,1316,TA,5500,1,6
265,73000,5,TA,2,1925,2004,TA,BrkTil,0,764,Fa,5232,1,4
266,175500,6,TA,2,1981,1981,Gd,CBlock,0,1422,Gd,12090,2,7
267,185000,6,TA,2,1997,1997,TA,PConc,1,1511,Gd,11207,2,8
268,179500,5,TA,1,1939,1997,Gd,PConc,1,2192,TA,8400,2,8
269,120500,5,TA,1,1940,1955,TA,CBlock,0,778,TA,6900,1,4
270,148000,6,TA,1,1976,1976,TA,CBlock,1,1113,TA,7917,1,6
271,266000,8,Gd,3,2006,2006,Gd,PConc,1,1939,Gd,10728,2,8
272,241500,7,TA,2,1954,2005,TA,CBlock,0,1363,Gd,39104,1,5
273,290000,8,Gd,3,1999,2007,Gd,PConc,1,2270,Gd,11764,2,9
274,139000,6,TA,1,1958,1988,TA,CBlock,0,1632,TA,9600,2,6
275,124500,5,TA,1,1982,1982,TA,CBlock,0,816,TA,8314,1,5
276,205000,7,Gd,2,1925,2007,Ex,BrkTil,1,1548,TA,7264,2,5
277,201000,7,Gd,2,2003,2003,Gd,PConc,0,1560,Ex,9196,2,7
278,141000,4,TA,2,1951,1951,TA,CBlock,0,864,TA,19138,1,4
279,415298,9,Ex,3,2006,2007,Ex,PConc,1,2121,Ex,14450,2,8
280,192000,7,TA,2,1977,1977,TA,CBlock,1,2022,Gd,10005,2,8
281,228500,7,Gd,2,1989,1989,Gd,CBlock,1,1982,Gd,11287,2,7
282,185000,6,Gd,2,2006,2006,Gd,PConc,0,1262,Gd,7200,2,5
283,207500,7,Gd,2,2007,2008,Gd,PConc,0,1314,Gd,5063,2,6
284,244600,8,Gd,3,2008,2009,Gd,PConc,0,1468,Gd,9612,2,6
285,179200,6,Gd,2,1992,1992,Gd,PConc,0,1575,Gd,8012,2,5
286,164700,7,Gd,2,2006,2007,Gd,PConc,1,1250,Gd,4251,2,5
287,159000,6,TA,2,1962,1981,Gd,CBlock,1,1734,TA,9786,1,7
288,88000,4,TA,0,1971,1971,TA,CBlock,0,858,TA,8125,1,5
289,122000,5,TA,1,1967,1967,TA,CBlock,0,900,TA,9819,1,5
290,153575,6,TA,1,1915,2003,TA,BrkTil,0,1396,TA,8730,1,7
291,233230,8,Gd,2,2006,2006,Gd,PConc,1,1919,Gd,15611,2,8
292,135900,5,TA,0,1912,2000,Fa,PConc,0,1716,TA,5687,2,9
293,131000,5,TA,1,1949,2008,TA,CBlock,1,1716,TA,11409,1,8
294,235000,7,TA,2,1977,1994,Gd,CBlock,1,2263,TA,16659,2,9
295,167000,6,TA,2,1953,1953,TA,CBlock,0,1644,TA,9600,1,7
296,142500,6,TA,2,1984,1984,TA,CBlock,0,1003,TA,7937,1,6
297,152000,5,TA,1,1950,1950,TA,CBlock,1,1558,TA,13710,1,6
298,239000,7,Gd,2,1997,1998,Gd,PConc,1,1950,Gd,7399,2,7
299,175000,6,Gd,2,1968,1968,TA,CBlock,2,1743,TA,11700,1,7
300,158500,6,TA,1,1950,2004,Gd,CBlock,0,1152,TA,14000,1,6
301,157000,5,TA,1,1953,1953,TA,CBlock,0,1336,TA,15750,1,5
302,267000,8,Gd,2,1998,1999,Gd,PConc,1,2452,Gd,16226,2,9
303,205000,7,Gd,3,2001,2002,Gd,PConc,0,1541,Gd,13704,2,6
304,149900,5,TA,2,1972,1972,TA,PConc,0,894,TA,9800,1,5
305,295000,7,TA,3,1880,2002,Gd,BrkTil,0,3493,TA,18386,3,10
306,305900,8,Gd,3,2004,2005,Gd,PConc,0,2000,Gd,10386,2,8
307,225000,7,Gd,3,1990,1991,Gd,CBlock,1,2243,Gd,13474,2,8
308,89500,6,TA,0,1920,1950,Fa,CBlock,0,1406,TA,7920,1,6
309,82500,4,TA,2,1940,1950,TA,CBlock,0,861,TA,12342,1,4
310,360000,9,Gd,3,2003,2004,Ex,PConc,0,1944,Ex,12378,2,8
311,165600,6,TA,2,1993,1994,Gd,PConc,1,1501,Gd,7685,2,6
312,132000,6,TA,1,1948,2002,TA,CBlock,0,972,TA,8000,1,5
313,119900,5,TA,2,1939,1950,TA,CBlock,0,1118,Gd,7800,1,5
314,375000,7,TA,2,1965,1965,TA,CBlock,0,2036,Gd,215245,2,8
315,178000,7,TA,2,1925,1990,Ex,BrkTil,1,1641,TA,9600,1,6
316,188500,7,Gd,2,2004,2005,Gd,PConc,1,1432,Gd,7795,2,6
317,260000,7,Gd,2,1980,1980,Ex,CBlock,1,2353,Gd,13005,2,10
318,270000,8,Gd,3,2006,2006,Gd,PConc,1,1959,Gd,9000,2,8
319,260000,7,Gd,3,1993,1993,Gd,PConc,1,2646,Gd,9900,2,9
320,187500,7,TA,2,1980,1980,TA,CBlock,0,1472,Gd,14115,2,6
321,342643,9,TA,3,2006,2006,Gd,PConc,1,2596,Ex,16259,3,9
322,354000,8,Gd,3,2004,2004,Gd,PConc,1,2468,Ex,12099,2,10
323,301000,7,Gd,2,1986,1987,Gd,CBlock,1,2730,TA,10380,2,8
324,126175,3,TA,1,1955,2005,TA,CBlock,0,1163,TA,5820,1,6
325,242000,7,Gd,2,1967,2007,Gd,CBlock,1,2978,Gd,11275,2,11
326,87000,5,TA,2,1941,1950,TA,CBlock,0,803,TA,5000,1,5
327,324000,8,Gd,2,1993,1993,Gd,PConc,1,1719,Gd,10846,1,6
328,145250,6,TA,1,1960,1960,TA,CBlock,1,1383,TA,11600,1,7
329,214500,6,TA,2,1916,1994,Gd,BrkTil,0,2134,TA,11888,2,10
330,78000,5,TA,1,1920,1950,TA,PConc,0,1192,TA,6402,1,6
331,119000,5,TA,1,1964,1964,TA,CBlock,0,1728,TA,10624,2,10
332,139000,5,TA,1,1958,1992,TA,CBlock,0,1056,TA,8176,1,6
333,284000,8,Gd,3,2003,2004,Gd,PConc,0,1629,Gd,10655,2,7
334,207000,7,Gd,2,2004,2004,Gd,PConc,0,1358,Gd,8198,2,6
335,192000,6,TA,2,1998,1998,TA,PConc,1,1638,Gd,9042,2,7
336,228950,5,TA,2,1965,1965,TA,CBlock,0,1786,TA,164660,2,7
337,377426,9,Gd,3,2005,2006,Gd,PConc,0,1922,Ex,14157,2,8
338,214000,7,Gd,2,2002,2003,Gd,PConc,0,1536,Gd,9135,2,7
339,202500,7,Gd,2,1984,1998,Gd,CBlock,0,1621,Gd,14145,2,8
340,155000,6,TA,1,1958,1998,TA,CBlock,0,1215,TA,12400,1,6
341,202900,8,Gd,2,2002,2002,Gd,PConc,1,1908,Gd,14191,2,9
342,82000,4,Fa,1,1950,1950,TA,CBlock,0,841,TA,8400,1,4
344,266000,9,Ex,2,2005,2005,Ex,PConc,0,1684,Ex,8849,2,6
345,85000,5,TA,1,1976,1976,TA,CBlock,1,1112,Gd,2592,1,4
346,140200,6,TA,1,1939,1950,Fa,BrkTil,0,1577,TA,6435,1,6
347,151500,6,TA,1,1960,1998,TA,CBlock,0,958,TA,12772,1,5
348,157500,6,TA,2,1960,1960,TA,CBlock,0,1478,TA,17600,2,6
349,154000,7,Gd,2,2003,2004,Gd,PConc,1,1626,Gd,2448,2,6
350,437154,9,Ex,3,2005,2006,Ex,PConc,1,2728,Ex,20431,2,10
351,318061,9,Ex,2,2007,2007,Ex,PConc,0,1869,Ex,7820,2,6
352,190000,7,TA,2,1986,1986,Gd,PConc,1,1453,Gd,5271,1,6
353,95000,5,TA,1,1941,1950,TA,CBlock,0,1111,TA,9084,1,5
354,105900,6,TA,2,1928,2003,TA,BrkTil,0,720,TA,8520,1,5
355,140000,6,TA,1,1940,2000,TA,CBlock,0,1595,TA,8400,1,6
356,177500,6,Gd,2,1995,1995,Gd,PConc,0,1200,Gd,11249,2,6
357,173000,6,TA,2,1992,1992,Gd,PConc,0,1167,Gd,9248,2,6
358,134000,5,TA,2,1976,1976,TA,PConc,1,1142,Gd,4224,1,6
359,130000,5,TA,1,1958,1958,Gd,CBlock,0,1352,TA,6930,1,6
360,280000,8,Gd,2,1998,1998,Gd,PConc,1,1924,Gd,12011,2,7
361,156000,6,TA,2,1978,1978,TA,CBlock,0,912,Gd,7540,1,5
362,145000,5,TA,1,1940,1982,TA,CBlock,0,1505,TA,9144,1,8
364,118000,6,TA,1,1972,2007,Gd,CBlock,1,987,TA,1680,1,5
365,190000,6,TA,2,1976,1976,TA,PConc,1,1574,Gd,18800,2,6
366,147000,5,TA,1,1920,1997,TA,CBlock,0,1344,TA,10690,1,6
367,159000,6,TA,2,1963,1963,TA,CBlock,1,1394,Gd,9500,1,6
368,165000,6,TA,1,1962,1962,TA,CBlock,0,1431,Gd,9150,1,6
369,132000,5,TA,1,1954,1954,TA,PConc,0,1268,TA,7800,1,7
370,162000,5,TA,2,1959,2006,Gd,CBlock,0,1287,TA,9830,1,7
371,172400,6,TA,2,2000,2000,TA,PConc,1,1664,Gd,8121,2,7
373,125000,6,TA,1,1984,1984,TA,CBlock,0,752,Gd,7175,1,4
374,123000,5,TA,1,1953,1953,TA,PConc,0,1319,TA,10634,1,5
375,219500,7,Gd,2,2003,2004,Gd,PConc,1,1928,Gd,8200,2,8
376,61000,1,Fa,0,1922,1950,Fa,BrkTil,1,904,Fa,10020,0,4
377,148000,5,Gd,2,1996,1996,TA,PConc,0,914,Gd,8846,1,5
378,340000,8,Gd,2,2004,2005,Gd,PConc,0,2466,Gd,11143,3,8
379,394432,9,Gd,3,2010,2010,Ex,PConc,1,1856,Ex,11394,1,8
380,179000,6,TA,2,2000,2000,TA,PConc,1,1800,Gd,8123,2,7
381,127000,5,TA,1,1924,1950,Gd,BrkTil,0,1691,TA,5000,2,6
382,187750,7,Gd,2,2006,2006,Gd,PConc,0,1301,Gd,7200,2,5
383,213500,7,Gd,2,2006,2006,Gd,PConc,1,1797,Gd,9245,2,8
384,76000,6,TA,2,1928,1950,TA,BrkTil,0,784,Fa,9000,1,5
385,240000,6,Gd,2,1992,1992,Gd,PConc,1,1953,Gd,53107,2,9
386,192000,8,Gd,2,2004,2005,Gd,PConc,0,1269,Gd,3182,2,6
387,81000,5,TA,0,1910,1996,TA,PConc,0,1184,TA,8410,1,8
388,125000,6,TA,1,1976,1976,TA,CBlock,0,1125,TA,7200,1,6
389,191000,7,Gd,2,1999,2000,Gd,PConc,0,1479,Gd,9382,2,6
390,426000,10,Ex,3,2007,2008,Ex,PConc,1,2332,Ex,12474,2,9
391,119000,5,TA,1,1900,1950,TA,BrkTil,0,1367,TA,8405,1,7
392,215000,6,TA,2,2001,2002,Gd,PConc,1,1961,Ex,12209,2,7
394,100000,4,TA,0,1941,1950,TA,CBlock,0,788,TA,7446,1,4
395,109000,5,TA,1,1940,1950,TA,CBlock,0,1034,TA,10134,1,5
396,129000,5,TA,1,1956,1956,TA,CBlock,0,1144,TA,9571,1,6
397,123000,5,TA,2,1972,1972,TA,CBlock,0,894,TA,7200,1,6
398,169500,5,TA,1,1962,1962,TA,CBlock,0,1812,TA,7590,2,8
399,67000,5,TA,1,1920,1950,TA,BrkTil,0,1077,Fa,8967,1,6
400,241000,7,Gd,2,2006,2007,Gd,PConc,0,1550,Gd,8125,2,7
401,245500,8,Gd,2,1996,1996,Ex,PConc,1,1288,Gd,14963,1,4
402,164990,7,Gd,2,2005,2005,Gd,PConc,0,1310,Gd,8767,2,6
403,108000,5,TA,1,1940,1997,TA,PConc,0,672,TA,10200,1,4
404,258000,8,Gd,2,1998,1998,Gd,PConc,1,2263,Gd,12090,2,10
405,168000,6,TA,2,1995,1996,TA,PConc,1,1572,Gd,10364,2,7
406,150000,4,TA,2,1976,1993,TA,CBlock,0,1620,TA,9991,2,8
407,115000,6,TA,1,1936,1950,TA,BrkTil,0,1639,TA,10480,1,6
408,177000,6,TA,1,1915,1976,TA,BrkTil,0,1680,Gd,15576,2,8
409,280000,7,Gd,3,2006,2006,Gd,PConc,1,2172,Ex,14154,2,9
410,339750,8,Gd,3,2007,2008,Ex,PConc,1,2078,Ex,10800,2,8
411,60000,5,TA,1,1958,1958,TA,CBlock,0,1276,TA,9571,1,5
412,145000,5,TA,2,1955,1955,TA,CBlock,0,1056,TA,34650,1,5
413,222000,7,Ex,2,2009,2009,Gd,PConc,1,1478,Ex,4403,2,7
414,115000,5,TA,2,1927,1950,TA,CBlock,0,1028,TA,8960,1,5
415,228000,7,Gd,3,1993,1993,Gd,PConc,1,2097,Gd,11228,2,9
416,181134,7,Gd,2,2007,2007,Gd,PConc,0,1340,Gd,8899,2,6
417,149500,6,TA,2,1978,1978,TA,CBlock,1,1400,TA,7844,1,6
418,239000,6,TA,3,1918,1950,TA,BrkTil,1,2624,Gd,22420,2,10
419,126000,5,TA,1,1940,1950,TA,BrkTil,1,1134,TA,8160,1,7
420,142000,5,TA,1,1968,1968,TA,CBlock,0,1056,TA,8450,1,6
421,206300,7,TA,4,1997,1998,TA,PConc,0,1344,Gd,7060,2,8
422,215000,6,Gd,2,1977,2000,Gd,CBlock,0,1602,Gd,16635,2,8
423,113000,5,TA,2,1954,1954,TA,CBlock,0,988,TA,21750,1,4
424,315000,8,Gd,3,1998,1998,Gd,PConc,1,2630,Gd,9200,2,8
425,139000,6,TA,1,1956,1956,TA,CBlock,0,1196,Gd,9000,1,6
426,135000,7,TA,1,1946,1992,TA,CBlock,1,1389,TA,3378,1,6
427,275000,7,Gd,2,1989,1989,Gd,PConc,0,1644,Gd,12800,2,5
428,109008,4,TA,1,1957,1957,TA,CBlock,0,907,TA,8593,1,5
429,195400,7,Gd,2,2007,2007,Gd,PConc,0,1208,Gd,6762,2,6
430,175000,6,TA,2,1988,1988,Gd,CBlock,0,1412,Gd,11457,2,6
431,85400,6,TA,1,1971,1971,TA,CBlock,1,987,TA,1680,1,4
432,79900,6,TA,0,1920,1998,TA,BrkTil,0,1198,TA,5586,1,7
433,122500,5,TA,2,1971,1971,TA,CBlock,1,1365,TA,1920,1,6
434,181000,6,TA,2,1997,1998,TA,PConc,1,1604,Gd,10839,2,7
435,81000,4,TA,0,1972,1972,TA,CBlock,0,630,Gd,1890,1,3
436,212000,7,Gd,2,1996,1996,Gd,PConc,1,1661,Gd,10667,2,6
437,116000,6,TA,2,1920,1950,TA,BrkTil,0,1118,Fa,4400,1,6
438,119000,6,Gd,1,1926,2004,TA,PConc,0,904,TA,6000,1,4
439,90350,5,TA,1,1913,2002,Gd,PConc,0,694,TA,4280,1,4
440,110000,6,TA,2,1920,2000,Gd,BrkTil,0,1196,TA,12354,1,7
441,555000,10,Ex,3,2008,2008,Ex,PConc,0,2402,Ex,15431,2,10
442,118000,4,TA,0,1955,1955,Fa,CBlock,0,1440,TA,12108,2,8
443,162900,5,TA,2,1930,1992,TA,PConc,0,1573,TA,6240,2,8
444,172500,7,Gd,3,2006,2007,Gd,PConc,0,1258,Ex,3922,2,6
445,210000,7,Gd,2,1994,1995,Gd,PConc,1,1908,Gd,8750,2,8
446,127500,6,TA,2,1956,1956,TA,CBlock,0,1689,TA,9855,1,7
447,190000,6,Gd,2,1966,2002,Gd,CBlock,1,1888,TA,16492,2,6
448,199900,7,Gd,2,1998,1999,Gd,PConc,1,1886,Gd,11214,2,10
449,119500,6,TA,1,1937,1950,TA,BrkTil,0,1376,TA,8600,2,7
450,120000,3,TA,1,1948,2002,TA,CBlock,1,1183,TA,6000,1,6
451,110000,6,TA,1,1930,2005,Gd,BrkTil,0,813,TA,5684,1,5
452,280000,7,TA,2,1975,1975,Gd,CBlock,0,1533,Gd,70761,2,5
453,204000,6,Gd,2,1996,1997,TA,PConc,1,1756,Ex,9303,2,7
454,210000,8,Gd,2,2008,2008,Gd,PConc,1,1590,Gd,9000,2,6
455,188000,5,TA,2,1976,1976,TA,CBlock,0,1728,TA,9297,2,8
456,175500,7,TA,2,1973,1973,TA,CBlock,1,1242,TA,9600,1,6
457,98000,5,TA,3,1916,1950,TA,BrkTil,0,1344,TA,4571,1,7
458,256000,4,TA,2,1954,1994,Gd,CBlock,0,1663,Gd,53227,1,6
459,161000,8,TA,1,1925,1996,Gd,PConc,0,1666,TA,5100,1,7
460,110000,5,TA,1,1950,1950,Gd,CBlock,0,1203,TA,7015,1,5
461,263435,8,Gd,2,2009,2009,TA,PConc,1,1935,Gd,8004,2,8
462,155000,7,Gd,2,1936,2007,Gd,PConc,0,1135,Gd,7200,1,6
463,62383,5,TA,1,1965,1965,TA,CBlock,0,864,TA,8281,1,5
464,188700,6,TA,1,1934,1995,TA,CBlock,1,1660,TA,11988,1,6
465,124000,5,TA,0,1978,1978,TA,CBlock,0,1040,Gd,8430,2,5
466,178740,7,Gd,2,2004,2004,Gd,PConc,0,1414,Gd,3072,2,6
467,167000,7,TA,2,1970,1970,TA,CBlock,0,1277,TA,10628,1,5
468,146500,5,TA,1,1942,1995,Gd,CBlock,1,1644,TA,9480,1,7
469,250000,8,Gd,3,2006,2006,Gd,PConc,0,1634,Gd,11428,2,7
470,187000,6,Gd,2,1993,1993,Gd,PConc,1,1710,Gd,9291,2,7
471,212000,8,Gd,2,1985,1985,Gd,PConc,1,1502,Gd,6820,1,4
472,190000,7,TA,2,1977,1977,TA,CBlock,1,1969,Gd,11952,2,8
473,148000,6,TA,2,2005,2005,TA,PConc,0,1072,Gd,3675,1,5
474,440000,8,Gd,3,2006,2007,Gd,PConc,0,1976,Ex,14977,2,7
475,251000,8,Gd,2,2000,2000,Ex,PConc,0,1652,Gd,5330,2,6
476,132500,5,TA,2,1963,1963,TA,CBlock,0,970,TA,8480,1,5
477,208900,6,TA,2,1997,1998,Gd,PConc,0,1493,Gd,13125,2,7
478,380000,9,Ex,3,2006,2006,Ex,PConc,1,2643,Gd,13693,2,9
479,297000,8,Gd,3,2007,2008,Gd,PConc,0,1718,Ex,10637,2,7
480,89471,4,TA,2,1937,2000,TA,BrkTil,0,1131,Fa,5925,1,7
481,326000,9,Gd,3,2004,2005,Gd,PConc,0,1850,Ex,16033,2,8
482,374000,9,Gd,3,2003,2004,Ex,PConc,0,1792,Ex,11846,2,6
483,155000,7,Gd,1,1915,2005,Ex,PConc,1,1826,TA,2500,1,7
484,164000,6,TA,2,1998,1998,TA,PConc,0,1216,Ex,4500,2,5
485,132500,5,TA,1,1962,2001,Gd,CBlock,0,999,TA,7758,1,6
486,147000,5,Gd,1,1950,2007,Gd,CBlock,0,1113,TA,9600,1,5
487,156000,5,TA,2,1965,1965,TA,CBlock,1,1073,TA,10289,1,6
488,175000,5,TA,2,1971,1971,TA,CBlock,0,1484,Gd,12243,2,7
489,160000,5,TA,2,1900,1970,TA,CBlock,0,2414,TA,10800,2,10
490,86000,4,TA,1,1970,2002,Gd,CBlock,0,630,Gd,1526,1,3
491,115000,5,TA,1,1976,1976,TA,PConc,1,1304,Gd,2665,1,4
492,133000,6,TA,1,1941,1950,Fa,CBlock,0,1578,TA,9490,1,5
493,172785,6,Gd,2,2006,2006,TA,PConc,1,1456,Gd,15578,2,8
494,155000,5,TA,1,1960,1960,TA,CBlock,1,1269,TA,7931,1,6
495,91300,5,TA,1,1938,1996,TA,BrkTil,0,886,Fa,5784,1,4
496,34900,4,TA,0,1920,1950,TA,CBlock,0,720,TA,7879,1,4
497,430000,8,Gd,2,1992,1993,Gd,PConc,0,3228,Gd,12692,3,10
498,184000,7,TA,1,1925,1950,TA,PConc,0,1820,TA,9120,2,8
499,130000,5,TA,1,1967,2004,Gd,PConc,0,899,TA,7800,1,5
500,120000,5,TA,1,1958,1985,TA,CBlock,0,912,TA,7535,1,5
501,113000,6,TA,1,1973,1973,TA,CBlock,1,1218,TA,1890,1,7
502,226700,7,Gd,2,2005,2005,Gd,PConc,1,1768,Gd,9803,2,7
503,140000,5,TA,2,1965,1965,TA,CBlock,0,1214,TA,9170,1,6
504,289000,7,TA,2,1959,1997,TA,CBlock,0,1801,TA,15602,2,6
505,147000,6,TA,2,1974,1974,TA,CBlock,1,1322,TA,2308,2,6
506,124500,5,TA,2,1952,1952,TA,CBlock,0,1960,TA,7596,2,10
507,215000,8,Gd,2,1993,1994,Gd,PConc,1,1911,Gd,9554,2,8
508,208300,6,Gd,2,2009,2009,Gd,PConc,0,1218,Gd,7862,2,4
509,161000,7,TA,2,1928,2005,Gd,BrkTil,0,1378,TA,9600,2,7
510,124500,5,TA,1,1959,1959,TA,CBlock,0,1041,TA,9600,1,6
511,164900,5,Gd,1,1951,2000,TA,CBlock,0,1363,TA,14559,1,6
512,202665,7,Gd,2,2005,2006,Gd,PConc,0,1368,Gd,6792,2,6
513,129900,5,TA,2,1958,1958,TA,CBlock,0,864,TA,9100,1,5
514,134000,6,TA,2,1983,1983,TA,PConc,1,1080,TA,9187,1,5
515,96500,5,TA,1,1926,1950,TA,BrkTil,0,789,TA,10594,1,5
516,402861,10,Ex,3,2009,2009,Ex,CBlock,1,2020,Ex,12220,2,9
517,158000,6,TA,2,1972,1972,TA,CBlock,1,2119,TA,10448,2,7
518,265000,7,Gd,3,1996,1997,Gd,PConc,1,2344,Gd,10208,2,7
519,211000,6,TA,2,1998,1998,TA,PConc,1,1796,Gd,9531,2,7
520,234000,7,Gd,1,1926,2004,Gd,BrkTil,1,2080,Gd,10918,1,9
522,150000,6,TA,1,1957,1957,TA,CBlock,1,1244,TA,11988,1,6
523,159000,6,TA,2,1947,1950,TA,CBlock,0,1664,TA,5000,2,7
524,184750,10,Ex,3,2007,2008,Ex,PConc,1,4676,Ex,40094,3,11
525,315750,7,Gd,3,1996,1997,Gd,PConc,1,2398,Gd,11787,2,8
526,176000,7,Gd,2,2005,2005,Gd,PConc,0,1266,Gd,7500,2,6
527,132000,5,TA,1,1956,2000,TA,CBlock,0,928,Gd,13300,1,4
528,446261,9,Ex,3,2008,2008,Ex,PConc,1,2713,Ex,14948,2,11
529,86000,4,TA,0,1920,2002,TA,BrkTil,0,605,TA,9098,1,5
530,200624,6,Gd,2,1957,1975,TA,PConc,0,2515,TA,32668,3,9
531,175000,6,Gd,2,1988,1989,Gd,CBlock,0,1509,Gd,10200,2,5
532,128000,6,TA,2,1920,1999,TA,BrkTil,0,1362,Fa,6155,2,6
535,178000,8,Gd,2,2004,2004,Gd,PConc,1,1414,Ex,9056,2,6
536,107500,5,TA,0,1910,1991,TA,CBlock,0,1347,Gd,7000,1,5
537,188000,7,TA,2,1998,1999,Gd,PConc,1,1724,Gd,8924,2,8
538,111250,4,TA,2,1972,1972,TA,CBlock,0,864,TA,12735,1,5
539,158000,5,TA,1,1968,1968,TA,CBlock,1,1159,TA,11553,1,7
540,272000,8,Gd,2,2001,2002,Gd,PConc,0,1601,Gd,11423,2,6
541,315000,9,Ex,3,2006,2006,Ex,PConc,0,1838,Ex,14601,2,8
542,248000,8,Gd,3,2000,2000,Gd,PConc,1,2285,Gd,11000,2,8
543,213250,7,Gd,2,1998,1999,Gd,PConc,0,1680,Ex,10140,2,7
544,133000,7,TA,1,1998,1998,TA,PConc,0,767,Gd,4058,1,4
545,179665,7,Gd,2,2006,2006,Gd,PConc,1,1496,Gd,17104,2,7
546,229000,7,Gd,3,1988,1988,Gd,PConc,1,2183,Gd,13837,2,9
547,210000,6,TA,2,1923,1950,TA,BrkTil,1,1635,Gd,8737,1,6
548,129500,5,TA,2,1970,1970,TA,CBlock,0,768,Gd,7244,1,5
549,125000,5,TA,2,1955,1995,TA,CBlock,0,825,TA,8235,1,4
550,263000,7,Gd,2,2003,2004,Gd,PConc,1,2094,Gd,9375,2,8
551,140000,6,TA,2,1977,1977,TA,CBlock,0,1069,Gd,4043,2,4
552,112500,5,TA,1,1957,1957,TA,CBlock,0,928,TA,6000,1,5
553,255500,8,Gd,3,2006,2006,Gd,PConc,0,1717,Ex,11146,2,7
555,284000,7,Gd,3,2003,2004,Gd,PConc,1,2046,Gd,10625,2,8
556,113000,5,TA,1,1922,1950,TA,BrkTil,0,1048,TA,6380,1,5
557,141000,5,TA,1,1957,1957,TA,CBlock,0,1092,TA,14850,1,6
558,108000,4,TA,1,1920,1950,TA,CBlock,1,1336,TA,11040,1,7
559,175000,7,TA,2,1996,1997,TA,PConc,1,1446,Gd,21872,2,6
560,234000,7,Gd,2,2003,2004,Gd,PConc,0,1557,Gd,3196,2,7
561,121500,5,TA,2,1957,1996,TA,CBlock,1,1392,Gd,11341,1,5
562,170000,5,TA,2,1974,1975,TA,CBlock,0,1389,Gd,10010,1,6
563,108000,5,TA,0,1940,1969,TA,CBlock,0,996,TA,13907,1,6
564,185000,6,TA,2,1918,1950,TA,BrkTil,0,1674,Gd,21780,2,8
565,268000,7,Gd,2,1992,2000,Gd,PConc,1,2295,Gd,13346,2,9
566,128000,6,TA,1,1915,1950,Fa,PConc,1,1647,Gd,6858,1,6
567,325000,9,Gd,3,2005,2007,Ex,PConc,1,2504,Gd,11198,2,11
568,214000,7,Gd,2,2004,2004,Gd,PConc,0,1535,Gd,10171,2,7
569,316600,8,Gd,2,1983,2009,Gd,CBlock,1,2132,Gd,12327,1,5
570,135960,5,TA,2,1979,1979,TA,CBlock,0,943,Gd,7032,1,4
571,142600,5,TA,2,1965,1965,TA,CBlock,0,1728,TA,13101,2,10
572,120000,6,TA,1,1959,1959,Gd,CBlock,0,864,TA,7332,1,4
573,224500,7,TA,2,2009,2009,Gd,PConc,1,1692,Ex,13159,2,6
574,170000,7,TA,2,2000,2000,TA,PConc,1,1430,Gd,9967,2,8
575,139000,5,TA,1,1971,2005,TA,CBlock,0,1109,TA,10500,1,5
576,118500,5,TA,1,1947,1950,TA,CBlock,0,1216,TA,8480,1,6
577,145000,7,TA,1,1928,1950,TA,BrkTil,0,1477,TA,6292,2,6
578,164500,5,TA,2,1966,1966,TA,CBlock,0,1320,TA,11777,1,6
579,146000,7,Gd,2,2007,2007,Gd,PConc,0,1392,Gd,3604,2,5
580,131500,5,TA,1,1954,1954,TA,BrkTil,0,1795,TA,12150,2,7
581,181900,6,TA,2,1960,1987,Gd,CBlock,0,1429,TA,14585,1,7
582,253293,8,Ex,3,2008,2009,Ex,PConc,1,2042,Ex,12704,2,8
583,118500,6,TA,0,1990,1990,TA,CBlock,0,816,Gd,11841,1,5
584,325000,10,Ex,2,1893,2000,Gd,BrkTil,1,2775,TA,13500,3,9
585,133000,4,TA,1,1935,1995,Gd,BrkTil,0,1573,TA,6120,1,6
586,369900,8,Gd,3,2005,2006,Gd,PConc,0,2028,Ex,11443,2,7
587,130000,6,TA,1,1918,2000,Fa,BrkTil,0,838,TA,10267,1,5
588,137000,5,TA,2,1982,1982,TA,CBlock,0,860,TA,8740,1,4
589,143000,5,TA,1,1968,2003,Ex,CBlock,0,1473,TA,25095,1,5
590,79500,5,TA,1,1930,1960,TA,BrkTil,0,935,TA,9100,1,4
591,185900,7,Gd,2,2004,2004,Gd,PConc,1,1582,Gd,8320,2,6
592,451950,10,Ex,3,2008,2008,Ex,PConc,1,2296,Ex,13478,2,10
593,138000,5,TA,2,1982,2003,TA,PConc,0,816,TA,6600,1,4
594,140000,6,Gd,2,2003,2003,Gd,PConc,0,848,Gd,4435,1,4
595,110000,5,TA,1,1975,1975,TA,CBlock,0,924,Gd,7990,1,5
596,319000,8,Gd,3,2005,2006,Gd,PConc,0,1826,Gd,11302,2,7
597,114504,6,TA,1,1910,1993,TA,CBlock,0,1368,TA,3600,1,7
598,194201,7,Gd,3,2006,2007,Gd,PConc,2,1402,Ex,3922,0,7
599,217500,5,TA,2,1977,1977,Gd,CBlock,0,1647,Gd,12984,2,7
600,151000,6,TA,2,1980,1980,TA,CBlock,1,1556,Gd,1950,2,6
601,275000,8,Gd,2,2005,2005,Ex,PConc,1,1904,Gd,10927,2,8
602,141000,6,TA,1,1937,1950,Gd,PConc,1,1375,TA,9000,1,6
603,220000,8,Gd,2,1992,1992,Gd,PConc,1,1915,Gd,10041,2,8
604,151000,7,Gd,2,2004,2005,Gd,PConc,1,1200,Gd,3182,2,4
605,221000,7,Gd,2,2002,2002,Gd,PConc,0,1494,Gd,12803,2,6
606,205000,7,TA,2,1965,1990,TA,CBlock,1,1986,TA,13600,2,7
607,152000,5,TA,2,1996,1996,Gd,PConc,0,1040,Gd,12464,1,6
608,225000,5,TA,1,1948,2002,Ex,CBlock,0,2008,TA,7800,3,8
609,359100,8,TA,2,1934,1998,TA,PConc,1,3194,Gd,12168,2,10
610,118500,4,TA,1,1961,1961,TA,CBlock,0,1029,TA,7943,1,5
611,313000,9,Gd,3,2000,2000,Ex,PConc,1,2153,Ex,11050,2,8
612,148000,6,TA,2,1978,1978,TA,CBlock,0,1032,Gd,10395,2,6
613,261500,8,Gd,2,2001,2001,Ex,PConc,1,1872,Gd,11885,2,7
614,147000,5,TA,0,2007,2007,TA,PConc,0,1120,Gd,8402,1,6
615,75500,4,TA,0,1972,1972,TA,CBlock,0,630,Gd,1491,1,3
616,137500,6,TA,2,1963,1963,Gd,PConc,0,1054,TA,8800,1,6
617,183200,6,Gd,2,2002,2003,Gd,PConc,1,1509,Gd,7861,2,7
618,105500,6,TA,2,1954,1954,Gd,CBlock,0,832,TA,7227,1,4
619,314813,9,Ex,3,2007,2007,Gd,PConc,0,1828,Ex,11694,2,9
620,305000,8,Gd,3,2003,2003,Gd,PConc,1,2262,Gd,12244,2,10
621,67000,3,TA,0,1914,1950,TA,BrkTil,0,864,TA,8248,1,5
622,240000,6,TA,2,1974,1997,TA,CBlock,1,2614,TA,10800,2,9
623,135000,5,TA,2,1977,1977,TA,CBlock,0,980,TA,7064,1,6
624,168500,6,Gd,2,2000,2000,Gd,PConc,1,1512,Gd,2117,2,4
625,165150,6,TA,2,1972,1972,TA,CBlock,2,1790,TA,10400,1,8
626,160000,6,TA,2,1962,1962,TA,CBlock,1,1116,TA,10000,1,5
627,139900,5,TA,1,1960,1978,TA,CBlock,0,1422,TA,12342,1,6
628,153000,6,TA,1,1955,1972,TA,CBlock,0,1520,TA,9600,1,7
629,135000,5,TA,2,1969,1969,Fa,PConc,2,2080,Gd,11606,1,9
630,168500,6,TA,2,1964,1964,TA,CBlock,1,1350,TA,9020,1,6
631,124000,5,TA,1,1880,1991,Ex,BrkTil,0,1750,Fa,9000,1,8
632,209500,8,Gd,2,2006,2006,Gd,PConc,0,1554,Gd,4590,2,6
633,82500,7,TA,2,1977,1977,TA,CBlock,0,1411,TA,11900,2,6
634,139400,5,TA,1,1954,2005,TA,CBlock,0,1056,TA,9250,1,6
635,144000,6,TA,2,1980,1980,TA,CBlock,0,1056,TA,6979,0,4
636,200000,6,Fa,0,1914,1995,Fa,CBlock,0,3395,TA,10896,2,14
637,60000,2,Fa,0,1936,1950,Fa,BrkTil,0,800,TA,6120,1,4
638,93000,5,TA,1,1954,1954,Gd,CBlock,0,1387,TA,6000,2,7
639,85000,5,TA,0,1910,1950,TA,CBlock,0,796,Fa,8777,1,4
640,264561,8,Gd,3,2006,2006,Ex,PConc,0,1567,Gd,3982,2,7
641,274000,8,Ex,2,2003,2004,Ex,PConc,1,1518,Ex,12677,1,6
642,226000,7,Gd,2,2001,2001,Gd,PConc,1,1929,Gd,7050,2,7
643,345000,8,Gd,2,1972,1995,Ex,CBlock,1,2704,Gd,13860,2,9
644,152000,5,TA,2,1969,1969,TA,CBlock,1,1620,TA,10793,2,7
645,370878,9,Ex,3,2009,2009,Ex,PConc,1,1766,Ex,9187,2,7
646,143250,6,TA,2,1971,1971,TA,CBlock,1,981,TA,10530,1,5
648,155000,6,TA,2,1953,1953,TA,CBlock,0,1094,TA,10452,1,5
649,155000,6,TA,2,1966,1966,TA,CBlock,1,1839,TA,7700,1,7
650,84500,4,TA,0,1970,1970,TA,CBlock,0,630,Gd,1936,1,3
651,205950,7,Gd,2,2007,2007,Gd,PConc,1,1665,Gd,8125,2,7
652,108000,4,TA,1,1940,1950,TA,CBlock,0,1510,TA,9084,1,7
653,191000,7,Gd,2,1996,1996,Gd,PConc,1,1716,Gd,8750,2,7
654,135000,6,TA,1,1906,1995,TA,CBlock,0,1469,TA,10320,1,7
655,350000,8,Gd,3,1995,1995,Gd,PConc,1,2113,Gd,10437,2,7
656,88000,6,TA,1,1971,1971,TA,CBlock,1,1092,TA,1680,1,6
657,145500,5,Gd,1,1959,2006,Gd,CBlock,1,1053,TA,10007,1,5
658,149000,7,TA,1,1931,2000,TA,BrkTil,1,1502,Gd,7200,1,6
659,97500,6,TA,1,1948,1950,TA,CBlock,0,1458,TA,17503,1,6
660,167000,5,TA,2,1964,1999,TA,PConc,0,1486,TA,9937,1,7
661,197900,7,TA,2,1976,1976,TA,CBlock,1,1935,Gd,12384,2,7
662,402000,8,Gd,3,1994,2005,Gd,PConc,1,2448,Gd,46589,2,8
663,110000,6,TA,2,1968,1968,TA,CBlock,0,1392,Fa,13560,1,5
664,137500,4,TA,2,1972,1972,TA,CBlock,0,1181,Gd,10012,2,6
665,423000,8,Gd,3,2005,2006,Ex,PConc,1,2097,Ex,20896,1,8
666,230500,8,Gd,2,2000,2000,Gd,PConc,1,1936,Gd,11194,2,7
667,129000,6,TA,2,1965,1979,TA,CBlock,1,2380,Gd,18450,2,7
668,193500,6,TA,2,1994,1998,Gd,PConc,0,1679,Gd,8125,2,7
669,168000,5,TA,2,1956,1987,TA,CBlock,1,1437,TA,14175,1,6
670,137500,4,TA,1,1922,1950,Fa,BrkTil,0,1180,Fa,11600,1,5
671,173500,6,Gd,2,2005,2005,Gd,PConc,1,1476,Gd,8633,2,7
672,103600,6,TA,1,1925,1950,TA,BrkTil,0,1369,TA,6629,2,6
673,165000,6,Gd,2,1977,1977,TA,CBlock,1,1208,Gd,11250,1,6
674,257500,6,TA,2,1957,2004,Gd,PConc,0,1839,TA,14442,2,7
675,140000,6,TA,1,1965,1965,TA,CBlock,0,1136,TA,9200,1,5
676,148500,6,TA,2,1978,1978,TA,CBlock,1,1441,TA,2289,2,7
677,87000,4,TA,3,1900,1950,TA,BrkTil,0,1774,TA,9600,2,8
678,109500,5,Gd,1,1924,2006,Gd,BrkTil,0,792,TA,9022,1,5
679,372500,8,Gd,3,2008,2008,Gd,PConc,1,2046,Ex,11844,2,7
680,128500,5,TA,2,1961,1961,TA,CBlock,0,988,TA,9945,1,5
681,143000,6,TA,1,1980,1980,TA,CBlock,0,923,Gd,8012,2,5
682,159434,5,TA,1,1932,2000,TA,BrkTil,0,1520,TA,4500,1,6
683,173000,6,TA,2,1996,1997,Gd,PConc,0,1291,Gd,2887,1,6
684,285000,9,Gd,3,2002,2002,Gd,PConc,0,1668,Gd,11248,2,7
685,221000,7,Gd,2,1998,1998,TA,PConc,1,1839,Gd,16770,2,7
686,207500,7,Gd,2,1984,1984,Gd,CBlock,0,2090,Gd,5062,2,6
687,227875,7,Gd,2,2007,2007,Gd,PConc,0,1761,Gd,10207,3,7
688,148800,7,Gd,2,2004,2004,Gd,PConc,1,1102,Gd,5105,2,4
689,392000,8,Gd,2,2007,2007,Gd,PConc,0,1419,Gd,8089,2,7
690,194700,6,Gd,2,2005,2006,Gd,PConc,0,1362,Gd,7577,2,6
691,141000,6,Gd,2,2004,2004,Gd,PConc,0,848,Gd,4426,1,3
692,755000,10,Ex,3,1994,1995,Ex,PConc,1,4316,Ex,21535,3,10
693,335000,7,Gd,2,1989,1990,Gd,PConc,1,2519,Gd,26178,2,9
694,108480,5,TA,1,1921,1968,TA,BrkTil,0,1073,TA,5400,1,4
695,141500,5,TA,2,1936,1950,TA,BrkTil,1,1539,TA,6120,1,5
696,176000,6,TA,2,1987,1987,Gd,CBlock,0,1137,Gd,13811,2,5
697,89000,5,TA,1,1921,1950,TA,CBlock,0,616,TA,6000,1,4
698,123500,5,TA,1,1952,1952,TA,PConc,0,1148,Ex,6420,1,6
699,138500,5,TA,1,1965,2009,TA,CBlock,0,894,TA,8450,1,5
700,196000,7,Gd,2,2004,2004,Gd,PConc,0,1391,Gd,4282,2,5
701,312500,8,Gd,3,2002,2002,Gd,PConc,0,1800,Ex,14331,2,7
702,140000,7,TA,2,1969,1969,TA,CBlock,1,1164,TA,9600,1,6
703,361919,8,Ex,3,2006,2006,Ex,PConc,1,2576,Ex,12438,2,10
704,140000,5,TA,2,1900,1996,Gd,BrkTil,0,1812,Gd,7630,2,8
705,213000,7,Gd,2,2004,2005,Gd,PConc,0,1484,Gd,8400,2,7
707,302000,7,TA,2,1971,2002,Gd,CBlock,0,1824,Gd,115149,2,5
708,254000,8,Gd,2,2006,2006,Gd,PConc,0,1324,Gd,6240,2,6
709,179540,7,Gd,2,2007,2007,Gd,PConc,1,1456,Gd,9018,2,8
710,109900,5,TA,1,1966,1966,TA,PConc,0,904,TA,7162,1,6
711,52000,3,Gd,0,1935,2003,TA,CBlock,0,729,TA,4130,1,5
712,102776,4,TA,1,1900,1950,TA,Stone,0,1178,TA,8712,1,7
713,189000,8,Gd,2,1988,1989,Gd,PConc,0,1228,Gd,4671,2,5
714,129000,4,TA,2,1970,1970,TA,CBlock,0,960,TA,9873,1,6
715,130500,6,Gd,2,1976,2005,Gd,CBlock,1,1479,TA,13517,2,6
716,165000,6,TA,2,1974,1974,TA,CBlock,0,1350,Gd,10140,2,7
717,159500,7,TA,2,1890,1998,TA,BrkTil,1,2554,TA,10800,1,8
718,157000,5,TA,2,1973,2000,Gd,CBlock,1,1178,Gd,10000,1,5
719,341000,7,Gd,3,1993,1994,Gd,PConc,1,2418,Gd,10542,2,9
720,128500,5,TA,1,1969,1969,TA,CBlock,1,971,Gd,9920,1,5
721,275000,8,Gd,2,1985,1985,Gd,PConc,0,1742,Gd,6563,2,5
722,143000,6,Gd,2,2004,2004,Gd,PConc,0,848,Gd,4426,1,3
723,124500,4,TA,2,1970,1970,TA,CBlock,0,864,TA,8120,1,5
724,135000,4,TA,1,1954,1972,TA,PConc,0,1470,TA,8172,2,7
725,320000,9,Ex,3,2007,2008,Ex,PConc,0,1698,Ex,13286,2,8
726,120500,4,TA,2,1970,1970,Gd,CBlock,0,864,TA,6960,1,5
727,222000,6,Gd,2,1988,2007,Gd,CBlock,0,1680,Gd,21695,2,5
728,194500,7,Gd,2,2007,2007,Gd,PConc,0,1232,Gd,7314,2,6
729,110000,5,TA,3,1958,1958,TA,CBlock,0,1776,TA,11475,2,9
730,103000,4,TA,2,1925,1950,TA,CBlock,0,1208,TA,6240,1,5
731,236500,8,Gd,2,1995,1996,Gd,PConc,0,1616,Gd,5389,2,5
732,187500,7,Gd,2,2003,2003,Gd,PConc,0,1146,Ex,9590,2,6
733,222500,7,Gd,2,1998,1999,Gd,PConc,1,2031,Gd,11404,2,8
734,131400,5,TA,1,1961,1983,TA,CBlock,0,1144,TA,10000,1,6
735,108000,5,TA,1,1968,1968,TA,PConc,0,948,TA,8978,1,6
736,163000,7,TA,2,1914,1970,TA,BrkTil,1,1768,Gd,10800,1,6
738,239900,8,Gd,3,2005,2005,Gd,PConc,1,1801,Gd,10463,2,8
739,179000,5,TA,0,1987,1988,TA,CBlock,0,1200,Gd,10800,3,5
740,190000,7,Gd,2,2004,2004,Gd,PConc,1,1728,Gd,9313,2,7
741,132000,5,TA,2,1910,2002,TA,BrkTil,0,1432,Fa,9600,2,7
742,142000,6,TA,1,1961,1996,Gd,CBlock,0,912,TA,6768,1,5
743,179000,7,TA,2,2000,2001,TA,PConc,0,1349,Gd,8450,2,6
744,175000,5,TA,2,1963,1999,TA,CBlock,0,1464,Gd,12886,2,6
745,180000,8,Gd,2,1993,1993,Gd,PConc,0,1337,Gd,5395,2,5
746,299800,8,Ex,2,1976,1996,Gd,CBlock,1,2715,TA,8963,3,11
747,236000,7,Gd,2,2000,2000,Gd,PConc,1,2256,Gd,8795,2,8
748,265979,7,Gd,4,1880,2003,Gd,Stone,1,2640,TA,11700,1,8
749,260400,7,Gd,2,1996,1996,Gd,PConc,0,1720,Gd,10593,2,7
751,96500,4,TA,0,1910,2004,TA,BrkTil,0,1140,TA,8800,1,7
752,162000,7,Gd,2,2003,2003,Gd,PConc,1,1320,Gd,7750,2,6
753,217000,6,TA,2,1997,1997,Gd,PConc,0,1494,Gd,9236,2,6
754,275500,8,Gd,3,2005,2005,Ex,PConc,1,2098,Gd,10240,2,8
755,156000,6,TA,2,1969,2005,Gd,CBlock,0,1026,TA,7930,1,5
756,172500,6,TA,2,1999,1999,TA,PConc,1,1471,Gd,3230,2,6
757,212000,8,Gd,2,2007,2007,Gd,PConc,1,1768,Gd,10769,2,7
758,158900,6,TA,2,1978,1978,TA,CBlock,1,1386,TA,11616,2,6
759,179400,7,TA,2,1999,1999,TA,PConc,1,1501,Gd,2280,2,6
760,290000,8,Gd,3,1995,1995,Gd,PConc,1,2531,Gd,12257,2,9
761,127500,6,TA,1,1959,1959,TA,CBlock,0,864,TA,9100,1,5
762,100000,5,TA,2,1924,1950,Fa,PConc,0,1301,TA,6911,1,5
763,215200,7,TA,2,2009,2009,Gd,PConc,1,1547,Gd,8640,2,7
764,337000,8,Gd,3,1999,1999,Gd,PConc,1,2365,Gd,9430,2,8
765,270000,8,Gd,2,1995,1996,Ex,PConc,1,1494,Gd,9549,1,6
766,264132,9,Gd,2,2008,2008,Ex,PConc,0,1506,Gd,14587,2,6
767,196500,7,TA,2,1988,1988,TA,CBlock,1,1714,Gd,10421,2,7
768,160000,6,TA,1,1940,1985,TA,CBlock,0,1750,Gd,12508,2,7
769,216837,7,Gd,2,2004,2005,Gd,PConc,0,1836,Gd,9100,2,8
770,538000,8,Ex,3,2003,2003,Ex,PConc,1,3279,Gd,53504,3,12
771,134900,5,TA,2,1982,1982,TA,CBlock,0,858,Gd,7252,1,5
772,102000,4,TA,2,1951,1951,TA,CBlock,0,1220,Fa,8877,1,6
773,107000,6,TA,2,1976,1976,TA,CBlock,0,1117,TA,7819,1,6
774,114500,5,TA,1,1958,1958,TA,CBlock,0,912,TA,10150,1,5
775,395000,8,Gd,3,2006,2006,Gd,PConc,0,1973,Gd,14226,2,9
776,162000,6,TA,2,1998,1998,TA,PConc,0,1204,Ex,4500,2,5
777,221500,7,Gd,3,2005,2006,Gd,PConc,0,1614,Gd,11210,2,7
778,142500,5,TA,2,1974,1974,TA,CBlock,0,894,TA,13350,1,5
780,135000,6,TA,2,1977,1977,TA,CBlock,0,1004,Gd,10530,1,4
781,176000,7,TA,2,1995,1996,TA,PConc,0,1253,Gd,7875,2,6
782,175900,6,Gd,2,1992,1992,Gd,PConc,1,1603,Gd,7153,2,7
783,187100,7,Gd,2,2001,2002,Gd,PConc,0,1430,Gd,16285,2,6
784,165500,5,TA,2,1978,1978,Gd,PConc,0,1110,Gd,9101,1,4
785,128000,6,TA,0,1914,2001,TA,CBlock,0,1484,TA,6300,2,9
786,161500,6,TA,2,1967,1967,TA,CBlock,0,1342,TA,9790,2,7
787,139000,5,TA,1,1915,1950,TA,PConc,0,1652,Fa,10800,2,7
788,233000,7,Gd,2,2004,2004,Gd,PConc,1,2084,Gd,10142,2,8
789,107900,4,TA,1,1954,2000,TA,CBlock,0,901,TA,6000,1,4
790,187500,6,TA,2,1966,2007,Gd,CBlock,1,2087,TA,12205,2,9
791,160200,7,Gd,2,2005,2006,Gd,PConc,0,1145,Gd,3182,2,5
792,146800,6,TA,2,1976,1976,TA,PConc,0,1062,Gd,11333,1,5
793,269790,7,Gd,2,1996,1997,TA,PConc,1,2013,Gd,9920,2,8
794,225000,8,Gd,2,2007,2007,Gd,PConc,0,1496,Gd,9158,2,7
795,194500,7,Gd,2,1994,1996,Gd,PConc,1,1895,Gd,10832,2,7
796,171000,6,TA,2,1980,1981,TA,CBlock,1,1564,Gd,8400,2,7
797,143500,6,TA,2,1977,1977,TA,CBlock,1,1285,TA,8197,1,7
798,110000,5,TA,1,1953,1953,TA,CBlock,0,773,TA,7677,1,4
799,485000,9,Ex,3,2008,2009,Ex,PConc,1,3140,Ex,13518,3,11
800,175000,5,TA,1,1937,1950,Gd,BrkTil,1,1768,Gd,7200,1,7
801,200000,6,TA,2,1997,1997,Gd,PConc,1,1688,Gd,12798,2,8
802,109900,4,TA,2,1916,1990,TA,CBlock,0,1196,TA,4800,1,5
803,189000,7,Gd,2,2005,2005,Gd,PConc,1,1456,Gd,8199,2,7
804,582933,9,Ex,3,2008,2009,Ex,PConc,1,2822,Ex,13891,3,12
805,118000,5,TA,1,1954,1954,TA,CBlock,0,1128,TA,9000,1,5
806,227680,7,Gd,2,2008,2008,Ex,PConc,0,1428,Gd,12274,2,6
807,135500,5,TA,1,1967,1967,TA,PConc,0,980,TA,9750,2,6
808,223500,5,TA,2,1923,2004,Gd,CBlock,1,1576,TA,21384,1,6
809,159950,5,TA,2,1966,1966,TA,CBlock,0,1086,TA,13400,1,6
810,106000,5,TA,2,1898,1965,TA,PConc,0,2138,TA,8100,2,11
811,181000,6,TA,2,1974,1999,Gd,CBlock,1,1309,TA,10140,1,5
812,144500,6,Gd,2,2004,2004,Gd,PConc,0,848,Gd,4438,1,4
813,55993,5,Fa,2,1952,1952,Fa,CBlock,0,1044,TA,8712,1,4
814,157900,6,TA,1,1958,1958,TA,CBlock,1,1442,TA,9750,1,7
815,116000,5,TA,1,1918,1950,Fa,BrkTil,1,1250,TA,8248,1,7
816,224900,7,TA,2,1998,1998,Gd,PConc,0,1661,Gd,12137,2,6
817,137000,5,TA,1,1954,1954,TA,CBlock,0,1008,TA,11425,1,4
818,271000,8,Gd,3,2002,2002,Gd,PConc,0,1689,Gd,13265,2,7
819,155000,6,TA,2,1971,1971,TA,CBlock,0,1052,TA,8816,1,6
820,224000,7,Gd,2,2009,2010,Gd,PConc,0,1358,Gd,6371,2,6
821,183000,7,Gd,2,2003,2003,Gd,PConc,1,1640,Gd,7226,2,6
822,93000,4,Fa,2,1953,1953,TA,CBlock,0,936,Fa,6000,1,4
823,225000,7,Gd,2,2003,2003,Gd,PConc,1,1733,Gd,12394,2,7
824,139500,6,TA,1,1940,1950,TA,BrkTil,0,1489,TA,9900,2,7
825,232600,8,Gd,2,2006,2006,Gd,PConc,0,1489,Gd,11216,2,7
826,385000,10,Ex,3,2007,2008,Ex,PConc,0,2084,Ex,14803,2,7
827,109500,5,TA,0,1924,1950,Gd,BrkTil,0,784,TA,6130,1,5
828,189000,7,Gd,2,2001,2001,Gd,PConc,0,1434,Gd,8529,2,6
829,185000,5,TA,2,1967,1967,TA,PConc,1,2126,TA,28698,2,7
830,147400,7,Gd,2,2005,2005,Gd,PConc,1,1223,Gd,2544,2,4
831,166000,6,TA,2,1957,1957,TA,CBlock,1,1392,TA,11900,1,6
832,151000,7,TA,2,2005,2005,Gd,PConc,1,1200,Gd,3180,2,4
833,237000,7,Gd,2,2003,2003,Gd,PConc,1,1829,Gd,9548,2,7
834,167000,6,TA,2,1964,1964,TA,CBlock,1,1516,TA,10004,1,6
835,139950,5,TA,2,1961,1961,TA,CBlock,0,1144,TA,7875,1,6
836,128000,4,TA,2,1950,1995,Gd,CBlock,0,1067,Gd,9600,2,4
837,153500,5,TA,2,1948,1973,TA,BrkTil,0,1559,TA,8100,1,5
838,100000,6,TA,1,1973,1973,TA,CBlock,1,987,TA,1680,1,5
839,144000,5,TA,1,1995,2006,Gd,PConc,1,1099,Gd,9525,1,6
840,130500,5,TA,1,1946,1995,TA,CBlock,0,1200,TA,11767,1,6
841,140000,6,TA,1,1925,1950,Fa,BrkTil,0,1482,TA,12155,2,7
842,157500,5,TA,2,1904,2002,Gd,PConc,0,1539,TA,10440,2,8
843,174900,6,TA,2,1966,1966,TA,CBlock,1,1165,TA,9020,1,6
844,141000,5,TA,0,1961,1961,TA,CBlock,0,1800,TA,8000,2,10
845,153900,5,TA,3,1915,1950,TA,BrkTil,1,1416,TA,12665,1,7
846,171000,5,TA,2,1975,1981,TA,CBlock,0,1701,Gd,16647,2,6
847,213000,7,Gd,2,1993,1993,Gd,PConc,1,1775,Gd,9317,2,7
848,133500,5,TA,1,1972,1972,TA,CBlock,0,864,TA,15523,1,5
849,240000,6,TA,2,1908,1997,TA,BrkTil,0,2358,TA,45600,3,10
850,187000,6,Gd,2,1976,1994,TA,CBlock,1,1855,TA,9600,2,7
851,131500,6,Gd,2,2003,2003,Gd,PConc,0,848,Gd,4435,1,3
852,215000,8,Gd,2,2003,2003,Gd,PConc,0,1456,Gd,3196,2,7
853,164000,7,TA,1,1941,1950,TA,CBlock,0,1646,TA,7128,2,7
854,158000,6,TA,2,1964,1964,TA,CBlock,1,1445,TA,12095,1,7
855,170000,5,TA,2,1955,1974,TA,CBlock,1,1779,TA,17920,1,6
856,127000,5,TA,1,1962,2010,TA,CBlock,1,1040,TA,6897,1,6
857,147000,6,TA,2,1978,1978,TA,CBlock,0,1026,Gd,10970,1,5
858,174000,6,TA,2,1994,1995,TA,PConc,1,1481,Gd,8125,2,6
859,152000,7,TA,2,1976,1976,TA,CBlock,0,1370,Gd,10400,2,6
860,250000,6,TA,2,1968,1984,Gd,CBlock,1,2654,TA,11029,2,9
861,189950,7,Gd,1,1918,1998,Gd,BrkTil,1,1426,TA,7642,1,7
862,131500,5,TA,2,1965,1965,TA,PConc,1,1039,TA,11625,1,6
863,152000,6,TA,2,1984,1985,TA,PConc,0,1097,Gd,9672,2,6
864,132500,5,TA,1,1959,1959,TA,CBlock,0,1148,TA,7931,1,6
865,250580,7,Gd,2,2007,2008,Gd,PConc,0,1372,Ex,8640,2,6
866,148500,5,TA,2,1970,1970,TA,CBlock,0,1002,TA,8750,1,5
867,248900,8,Gd,3,2006,2007,Gd,PConc,0,1646,Gd,10656,2,6
868,129000,4,TA,2,1961,1961,Fa,CBlock,1,1120,TA,6970,1,5
870,236000,7,Gd,2,1993,1994,Gd,PConc,1,1949,Gd,9938,2,8
871,109500,5,TA,1,1962,1962,TA,CBlock,0,894,TA,6600,1,5
872,200500,6,TA,2,1998,1998,Gd,PConc,1,1682,Gd,8750,2,7
873,116000,5,Gd,2,1953,1996,Gd,Stone,0,910,TA,8892,1,5
874,133000,5,Gd,1,1949,1950,TA,CBlock,0,1268,TA,12144,1,6
875,66500,5,TA,1,1941,1950,TA,CBlock,1,1131,TA,5720,1,5
876,303477,8,Gd,2,2007,2007,Ex,PConc,1,2610,Gd,9000,2,11
877,132250,4,TA,2,1963,1963,TA,PConc,0,1040,TA,25286,1,5
878,350000,9,Gd,3,2004,2005,Ex,PConc,1,2224,Ex,8834,2,10
879,148000,5,TA,2,1961,1995,Gd,CBlock,0,1155,TA,11782,1,6
880,136500,5,Gd,1,1978,2005,TA,CBlock,0,864,TA,7000,1,6
881,157000,5,TA,2,2005,2006,TA,PConc,1,1090,Ex,7024,1,5
882,187500,7,Gd,2,1990,1991,Gd,CBlock,1,1717,Gd,13758,2,7
883,178000,6,TA,2,1992,1993,TA,PConc,1,1593,Gd,9636,2,7
884,118500,4,Gd,1,1912,1950,TA,PConc,0,2230,TA,6204,1,10
885,100000,5,TA,1,1967,1967,TA,CBlock,0,892,TA,7150,1,5
886,328900,9,Gd,2,1999,2000,Gd,PConc,0,1709,Ex,5119,2,5
887,145000,5,TA,2,1959,2005,TA,CBlock,0,1712,TA,8393,2,8
888,135500,5,TA,1,1955,1955,TA,PConc,1,1393,TA,16466,1,8
889,268000,8,Gd,2,1970,1970,Gd,PConc,0,2217,TA,15865,2,8
890,149500,6,TA,2,1953,1953,TA,CBlock,0,1505,TA,12160,1,6
891,122900,5,TA,2,1949,2006,TA,CBlock,0,924,TA,8064,1,6
892,172500,6,TA,2,1978,1978,TA,CBlock,1,1683,TA,11184,2,7
893,154500,6,TA,1,1963,2003,TA,CBlock,0,1068,TA,8414,1,6
894,165000,5,TA,1,1954,1954,TA,PConc,0,1383,Gd,13284,1,6
896,140000,6,TA,2,1963,1963,TA,CBlock,1,1796,TA,7056,1,8
897,106500,4,TA,1,1936,1950,TA,BrkTil,0,951,TA,8765,1,6
899,611657,9,Ex,3,2009,2010,Ex,PConc,1,2364,Ex,12919,2,11
900,135000,5,TA,1,1961,1994,TA,CBlock,0,1236,TA,6993,1,6
901,110000,4,TA,1,1971,1971,TA,CBlock,0,858,TA,7340,1,4
902,153000,5,TA,1,1957,2000,TA,CBlock,0,1306,TA,8712,1,5
903,180000,7,Gd,2,2003,2003,Gd,PConc,1,1509,Gd,7875,2,8
904,240000,7,Gd,3,2006,2006,Gd,PConc,0,1670,Gd,14859,2,7
905,125500,5,TA,1,1967,1967,TA,CBlock,0,902,TA,6173,1,6
906,128000,5,TA,1,1954,1954,TA,CBlock,0,1063,TA,9920,1,6
907,255000,8,Gd,3,2006,2006,Gd,PConc,0,1636,Gd,13501,2,8
908,250000,7,Gd,1,1936,1987,Gd,CBlock,1,2057,Gd,11500,1,6
909,131000,5,TA,2,1983,1983,TA,CBlock,0,902,Gd,8885,1,5
910,174000,6,Gd,2,2005,2005,Gd,PConc,1,1484,Gd,12589,2,8
911,154300,5,TA,2,1960,1960,TA,CBlock,0,2274,TA,11600,2,12
912,143500,5,TA,1,1977,1989,Gd,CBlock,1,1268,Gd,9286,1,5
913,88000,5,TA,1,1925,1950,TA,BrkTil,0,1015,TA,6120,1,6
914,145000,5,TA,3,1949,1950,TA,CBlock,0,2002,TA,6270,2,8
915,173733,6,Gd,2,2009,2009,Gd,PConc,1,1224,Gd,3000,2,4
916,75000,4,TA,1,1970,1970,TA,CBlock,1,1092,TA,2001,1,6
917,35311,2,TA,1,1949,1950,TA,CBlock,0,480,TA,9000,0,4
918,135000,4,TA,1,1956,1956,TA,CBlock,0,1229,TA,17140,1,6
919,238000,7,Gd,3,1991,1991,Gd,PConc,1,2127,Ex,13125,2,8
920,176500,6,Ex,2,1958,2002,TA,CBlock,0,1414,Gd,11029,1,6
921,201000,6,Gd,2,1994,1994,Gd,PConc,1,1721,Gd,8462,2,7
922,145900,5,TA,0,1900,2003,TA,CBlock,2,2200,TA,8777,2,9
923,169990,6,Gd,2,2005,2006,Gd,PConc,0,1316,Gd,10237,2,6
924,193000,6,Gd,2,1993,1994,Gd,PConc,0,1617,Gd,8012,2,5
925,207500,6,TA,2,1980,1980,TA,CBlock,0,1686,Gd,10240,2,7
926,175000,5,TA,2,1977,1977,Ex,PConc,0,1126,Gd,15611,2,6
927,285000,8,Gd,3,2003,2004,Ex,PConc,1,2374,Gd,11999,2,10
928,176000,7,TA,2,1968,1968,TA,CBlock,1,1978,TA,9900,2,9
929,236500,8,Gd,2,2001,2001,Ex,PConc,0,1788,Gd,11838,2,7
930,222000,7,TA,2,1997,1997,Gd,PConc,1,2236,Gd,13006,2,8
931,201000,8,Gd,3,2007,2007,Gd,PConc,0,1466,Gd,8925,2,7
932,117500,5,TA,1,1965,1965,TA,CBlock,0,925,TA,9100,1,5
933,320000,9,Ex,3,2006,2006,Ex,PConc,0,1905,Ex,11670,2,8
934,190000,7,Gd,2,2004,2004,Gd,PConc,0,1500,Gd,8487,2,6
935,242000,7,TA,2,1960,2007,Gd,CBlock,0,2069,Gd,27650,2,9
936,79900,4,TA,2,1926,1953,TA,PConc,0,747,Fa,5825,1,5
937,184900,7,Gd,2,2003,2003,Gd,PConc,0,1200,Gd,10083,2,5
938,253000,7,Gd,2,2005,2005,Gd,PConc,1,1971,Gd,9675,2,8
939,239799,7,Gd,3,2006,2006,Gd,PConc,1,1962,Gd,8760,2,7
940,244400,7,TA,1,1940,1950,TA,CBlock,0,2403,TA,24090,2,10
941,150900,6,TA,2,1976,1976,TA,CBlock,0,1728,TA,12640,2,8
942,214000,7,Gd,2,1999,1999,Gd,PConc,1,2060,Gd,8755,2,8
943,150000,4,TA,0,1977,1977,TA,PConc,0,1440,Gd,7711,2,8
944,143000,5,TA,2,1967,1967,TA,CBlock,0,1632,TA,25000,2,8
945,137500,6,TA,2,1958,1958,Gd,CBlock,0,1344,TA,14375,1,7
946,124900,5,TA,2,1890,1996,TA,BrkTil,0,1869,TA,8820,1,7
947,143000,5,TA,1,1959,1959,TA,CBlock,0,1144,TA,8163,1,6
948,270000,8,Gd,3,2002,2003,Gd,PConc,0,1629,Gd,14536,2,9
949,192500,7,Gd,2,2002,2002,Gd,PConc,1,1776,Gd,14006,2,7
950,197500,6,TA,2,1972,2006,Gd,CBlock,1,1381,TA,9360,1,5
951,129000,5,TA,2,1950,2002,Gd,CBlock,0,864,TA,7200,1,5
952,119900,5,TA,1,1965,1965,TA,CBlock,0,965,TA,7800,1,6
953,133900,5,TA,1,1972,2003,TA,CBlock,0,768,Gd,7200,1,5
954,172000,5,TA,2,1969,1969,TA,CBlock,1,1968,TA,11075,2,7
955,127500,6,TA,0,1975,1975,TA,CBlock,0,980,Gd,9400,2,4
956,145000,6,TA,2,1946,1950,TA,CBlock,0,1958,Gd,7136,2,8
957,124000,6,TA,2,1980,1980,TA,CBlock,1,1229,Gd,1300,1,5
958,132000,5,TA,2,1962,1962,TA,CBlock,0,1057,TA,7420,1,6
959,185000,7,Gd,2,2003,2003,Gd,PConc,0,1337,Gd,8450,2,6
960,155000,7,Gd,2,1999,1999,Gd,PConc,1,1416,Gd,2572,2,6
961,116500,5,TA,0,1958,2008,TA,CBlock,0,858,TA,7207,1,4
962,272000,6,TA,2,1977,1995,TA,CBlock,1,2872,Gd,12227,2,11
963,155000,6,TA,2,1976,1976,Gd,CBlock,1,1548,Gd,2308,2,7
964,239000,9,Gd,2,2007,2007,Ex,PConc,0,1800,Ex,11923,2,7
965,214900,7,Gd,2,2002,2003,Gd,PConc,1,1894,Gd,11316,2,8
966,178900,6,Gd,2,2005,2007,Gd,PConc,1,1484,Gd,10237,2,8
967,160000,5,Gd,1,1940,1950,TA,BrkTil,1,1308,TA,9600,1,7
968,135000,5,TA,1,1955,1955,TA,CBlock,0,1098,TA,7390,1,6
969,37900,3,TA,0,1910,1950,TA,BrkTil,0,968,TA,5925,1,6
970,140000,6,TA,1,1958,1958,TA,CBlock,0,1095,TA,10382,1,6
971,135000,4,TA,0,1949,1950,TA,CBlock,1,1192,TA,10800,1,6
972,173000,7,Gd,2,2003,2004,Gd,PConc,0,1626,Gd,2268,2,6
973,99500,6,TA,1,1979,1979,TA,CBlock,0,918,Gd,7892,2,5
974,182000,7,Gd,2,2007,2008,Gd,PConc,0,1428,Gd,11639,2,6
975,167500,7,TA,2,1910,1993,Gd,BrkTil,0,2019,Gd,11414,1,8
976,165000,7,Gd,2,2000,2000,Gd,PConc,1,1382,Gd,2651,2,6
977,85500,4,TA,0,1923,1958,Fa,PConc,0,869,Gd,5900,1,4
978,199900,7,Gd,2,2006,2007,Gd,PConc,1,1241,Gd,4274,1,4
979,110000,4,TA,2,1954,1954,TA,CBlock,0,894,TA,9450,1,5
980,139000,5,TA,2,1963,1963,TA,PConc,0,1121,TA,8816,1,5
981,178400,7,Ex,2,1961,2007,Ex,CBlock,0,999,TA,12122,1,6
982,336000,8,Gd,3,1998,1999,Gd,PConc,1,2612,Gd,12203,2,8
983,159895,7,Gd,2,2007,2007,Gd,PConc,0,1266,Gd,3182,2,6
984,255900,8,Gd,2,2002,2002,Gd,PConc,1,2290,Gd,11250,2,9
986,125000,5,TA,1,1950,1950,TA,CBlock,0,1164,TA,10880,1,5
987,117000,6,TA,1,1910,2003,Gd,CBlock,0,1635,TA,5310,1,5
988,395192,9,Ex,3,2009,2010,Ex,PConc,1,1940,Ex,10159,2,8
989,195000,6,TA,2,1976,1976,Gd,CBlock,1,2030,TA,12046,2,8
990,197000,7,Gd,2,2006,2006,Gd,PConc,1,1576,Gd,8125,2,6
991,348000,8,Gd,3,1997,1998,Gd,PConc,1,2392,Gd,9452,2,7
992,168000,8,Gd,2,1882,1986,Gd,BrkTil,1,1742,TA,17671,1,8
993,187000,6,TA,2,1964,1993,Gd,CBlock,1,1851,TA,9760,2,7
994,173900,6,TA,2,2005,2006,Gd,PConc,1,1500,Gd,8846,2,6
995,337500,10,Ex,3,2006,2007,Ex,PConc,0,1718,Ex,12456,2,7
996,121600,4,TA,1,1946,1950,TA,CBlock,1,1230,TA,4712,1,5
997,136500,5,TA,1,1961,1961,TA,CBlock,0,1050,TA,10659,1,6
998,185000,6,TA,2,1970,1970,TA,CBlock,0,1442,TA,11717,2,6
999,91000,3,TA,1,1922,1950,TA,BrkTil,0,1077,TA,9786,1,6
1000,206000,7,Gd,2,2006,2006,Gd,PConc,0,1208,Gd,6762,2,6
1002,86000,5,TA,1,1920,1950,Ex,BrkTil,0,691,Fa,5400,1,4
1003,232000,8,Gd,3,2006,2006,Gd,PConc,0,1574,Gd,11957,2,7
1004,136905,5,TA,2,1976,1976,TA,CBlock,0,1680,TA,11500,2,8
1005,181000,7,Gd,2,2005,2006,Gd,PConc,0,1504,Gd,3182,2,7
1006,149900,5,Gd,1,1977,1977,TA,CBlock,0,985,Gd,8385,2,6
1007,163500,6,TA,2,1970,1970,TA,CBlock,0,1657,Gd,12155,2,7
1008,88000,4,TA,1,1970,1970,TA,CBlock,1,1092,TA,2217,1,6
1009,240000,7,Gd,2,2004,2005,Gd,PConc,0,1710,Ex,12118,2,7
1010,102000,5,TA,0,1926,1950,TA,BrkTil,0,1522,TA,6000,2,7
1011,135000,5,TA,1,1948,1950,TA,CBlock,0,1271,TA,21286,2,7
1013,165000,6,TA,1,1923,1996,Gd,PConc,1,1502,TA,10592,1,7
1014,85000,5,TA,1,1910,2006,TA,BrkTil,0,1022,TA,7200,1,4
1015,119200,6,TA,1,1948,1950,TA,CBlock,0,1082,TA,11664,1,5
1016,227000,8,Gd,2,2001,2001,Gd,PConc,1,1665,Gd,8400,2,6
1017,203000,7,Gd,2,1996,1996,Gd,PConc,0,1504,Gd,11883,2,6
1018,187500,8,Gd,2,1984,1984,Gd,CBlock,0,1360,Gd,5814,1,4
1019,160000,7,Gd,2,1991,1992,Gd,PConc,1,1472,Gd,10784,2,7
1020,213490,7,Gd,2,2005,2005,Gd,PConc,0,1506,Gd,3013,2,6
1021,176000,4,TA,2,2005,2005,Gd,PConc,1,1132,Gd,7024,1,5
1022,194000,7,Gd,2,2006,2006,Gd,PConc,0,1220,Gd,7406,2,6
1023,87000,5,TA,1,1930,1950,TA,CBlock,0,1248,TA,9439,1,6
1024,191000,7,Gd,2,2005,2006,Gd,PConc,0,1504,Gd,3182,2,7
1025,287000,8,Gd,2,1976,1976,Gd,CBlock,0,2898,Gd,15498,2,10
1026,112500,5,TA,2,1972,1972,TA,CBlock,0,882,TA,7700,1,5
1027,167500,5,TA,2,1960,1960,TA,CBlock,0,1264,TA,9300,1,6
1028,293077,8,Gd,3,2007,2008,Gd,PConc,0,1646,Gd,9520,2,7
1029,105000,5,TA,1,1941,1950,TA,CBlock,0,1376,TA,9492,1,6
1030,118000,6,TA,1,1972,1972,TA,CBlock,1,1218,TA,1680,1,7
1031,160000,5,TA,0,1916,1995,TA,PConc,0,1928,TA,7082,2,10
1032,197000,7,TA,2,1920,1970,TA,BrkTil,1,3082,TA,15863,2,12
1033,310000,8,Gd,3,1993,1993,Gd,PConc,1,2520,Gd,14541,2,10
1034,230000,7,Gd,3,2002,2002,Gd,PConc,0,1654,Gd,8125,2,6
1035,119750,5,TA,1,1938,1950,Fa,PConc,0,954,Fa,6305,1,5
1037,315500,9,Gd,3,2007,2008,Ex,PConc,0,1620,Ex,12898,2,6
1038,287000,8,Gd,2,2001,2002,Gd,PConc,1,2263,Gd,9240,2,7
1039,97000,4,TA,0,1970,2008,TA,CBlock,1,1344,TA,1533,1,6
1040,80000,4,TA,1,1970,1970,TA,CBlock,0,630,Gd,1477,1,3
1041,155000,5,TA,2,1957,2000,TA,CBlock,0,1803,TA,13125,2,8
1042,173000,6,TA,2,1966,2000,Gd,CBlock,1,1632,TA,9130,1,7
1043,196000,6,Gd,2,2005,2005,Gd,PConc,0,1306,Gd,5381,2,5
1044,262280,7,TA,2,1990,1990,Gd,PConc,1,2329,Gd,11839,2,10
1045,278000,8,Gd,2,1981,1981,Gd,PConc,1,2524,Gd,9600,2,9
1047,556581,9,Gd,3,2005,2006,Ex,PConc,1,2868,Ex,16056,3,11
1048,145000,5,TA,2,1994,1995,TA,PConc,0,990,Gd,9245,1,5
1051,176485,7,Gd,2,2007,2007,Gd,PConc,0,1302,Gd,8993,2,6
1052,200141,7,Gd,2,2007,2007,Gd,PConc,0,1316,Gd,11175,2,6
1053,165000,6,TA,2,1964,1978,TA,CBlock,1,1977,TA,9500,1,9
1054,144500,5,TA,1,1957,2002,TA,CBlock,0,1526,TA,8562,1,7
1055,255000,8,Gd,2,2002,2002,Gd,PConc,1,1989,Gd,11367,2,7
1056,180000,6,TA,2,1976,1976,TA,CBlock,0,1523,Gd,11361,2,7
1057,185850,7,Gd,2,2005,2005,Gd,PConc,0,1364,Gd,7052,2,6
1058,248000,7,Gd,2,1994,1994,Gd,PConc,1,1850,Gd,29959,2,7
1059,335000,9,Ex,3,2008,2008,Ex,PConc,1,2184,Ex,11308,2,10
1060,220000,6,TA,2,1932,1950,TA,CBlock,1,1991,TA,11275,1,7
1061,213500,8,Gd,2,2001,2001,Gd,PConc,0,1338,Gd,4920,2,6
1062,81000,3,Fa,3,1935,1950,TA,CBlock,0,894,TA,18000,1,6
1063,90000,5,TA,2,1900,1950,TA,BrkTil,0,2337,TA,13600,2,10
1064,110500,6,TA,2,1925,1980,Gd,BrkTil,0,1103,TA,6000,1,5
1065,154000,5,TA,2,1966,1966,TA,CBlock,1,1154,TA,11000,1,6
1066,328000,7,Gd,2,1996,1997,Gd,PConc,1,2260,Ex,14000,2,7
1067,178000,6,Gd,2,1993,1994,TA,PConc,1,1571,Gd,7837,2,7
1068,167900,6,TA,2,1964,1964,TA,CBlock,1,1611,TA,9760,1,7
1069,151400,6,TA,2,1973,1973,TA,CBlock,1,2521,Gd,3964,2,10
1070,135000,5,TA,2,1949,2003,Gd,CBlock,0,893,TA,9600,1,4
1071,135000,5,TA,1,1956,1956,TA,CBlock,0,1048,TA,10152,1,6
1072,154000,6,TA,2,1968,1968,TA,CBlock,1,1556,TA,11700,1,8
1073,91500,5,TA,1,1948,1950,TA,CBlock,0,1456,Fa,7585,1,7
1074,159500,6,TA,2,1977,1977,TA,CBlock,1,1426,TA,7950,1,6
1075,194000,7,Gd,3,2006,2006,Gd,PConc,0,1240,Gd,8556,2,5
1076,219500,7,TA,1,1940,1984,TA,CBlock,1,1740,TA,13125,1,6
1077,170000,5,TA,2,1936,1989,Gd,CBlock,0,1466,Fa,10800,2,7
1078,138800,5,TA,1,1969,1969,TA,CBlock,0,1096,TA,15870,1,6
1079,155900,6,Gd,2,2004,2004,Gd,PConc,0,848,Gd,4435,1,3
1080,126000,5,TA,1,1994,1994,TA,PConc,0,990,Gd,8775,1,5
1081,145000,6,Gd,2,1971,2004,Gd,CBlock,0,1258,TA,11040,2,5
1082,133000,5,TA,1,1963,1963,TA,CBlock,1,1040,TA,7500,1,5
1083,192000,7,Gd,2,2002,2002,Gd,PConc,0,1459,Gd,8749,2,6
1084,160000,6,TA,1,1964,1964,TA,CBlock,0,1251,TA,8800,1,6
1085,187500,6,TA,2,1995,1996,TA,PConc,1,1498,Gd,13031,2,6
1086,147000,6,TA,2,1992,1992,Gd,PConc,0,996,Gd,9069,1,5
1087,83500,4,TA,1,1973,1973,TA,CBlock,1,1092,TA,1974,1,6
1088,252000,8,Gd,3,2005,2006,Gd,PConc,1,1953,Gd,10574,2,9
1089,137500,7,Gd,2,2004,2004,Gd,PConc,0,1709,Gd,2522,2,7
1090,197000,8,Gd,2,2005,2005,Gd,PConc,1,1247,Gd,3316,1,4
1092,160000,7,Gd,2,1999,2000,Gd,PConc,1,1252,Gd,2160,2,4
1093,136500,6,TA,2,1925,1950,TA,PConc,0,1694,TA,8400,2,7
1094,146000,5,TA,2,1965,1998,Gd,CBlock,1,1200,TA,9230,1,6
1095,129000,5,TA,1,1956,2000,TA,CBlock,0,936,TA,5868,1,4
1096,176432,6,Gd,2,2006,2006,Gd,PConc,0,1314,Gd,9317,2,6
1097,127000,6,TA,0,1914,2006,Gd,PConc,1,1355,TA,6882,1,7
1098,170000,8,Gd,2,1986,1986,Gd,CBlock,1,1088,Gd,3696,1,5
1099,128000,4,TA,1,1936,1950,TA,BrkTil,0,1324,TA,6000,1,6
1100,157000,7,TA,2,1978,1978,TA,CBlock,0,1601,Gd,11880,2,7
1101,60000,2,TA,1,1920,1950,Fa,CBlock,0,438,TA,8400,1,3
1102,119500,5,TA,1,1971,1971,TA,CBlock,0,950,TA,9758,1,5
1103,135000,5,TA,1,1960,2002,TA,CBlock,0,1134,TA,7000,1,6
1104,159500,6,TA,2,1959,1959,TA,CBlock,0,1194,TA,8910,1,6
1105,106000,5,TA,2,1970,1970,TA,CBlock,1,1302,TA,2016,2,6
1106,325000,8,Gd,2,1994,1995,Gd,PConc,1,2622,Ex,12256,2,9
1107,179900,7,Gd,2,1990,1991,Gd,PConc,0,1442,Gd,10357,2,6
1108,274725,7,Gd,2,2006,2006,Gd,PConc,1,2021,Ex,23257,2,9
1109,181000,6,TA,2,2000,2000,TA,PConc,1,1690,Gd,8063,2,7
1110,280000,8,Gd,3,2004,2005,Gd,PConc,0,1836,Ex,11362,2,7
1111,188000,6,TA,2,1995,1996,TA,PConc,1,1658,Gd,8000,2,8
1112,205000,7,TA,2,1976,1976,TA,CBlock,1,1964,TA,10480,2,8
1113,129900,5,TA,1,1957,1957,TA,CBlock,0,816,TA,7100,1,5
1114,134500,5,TA,1,1953,2006,Gd,CBlock,0,1008,TA,8923,1,6
1115,117000,5,TA,1,1954,2000,Gd,CBlock,0,833,TA,5400,1,4
1116,318000,8,Gd,3,2007,2007,Ex,PConc,0,1734,Ex,12085,2,7
1117,184100,8,Gd,2,2002,2002,Gd,PConc,1,1419,Gd,7750,2,7
1118,130000,5,TA,2,1967,2003,Gd,CBlock,0,894,TA,9764,1,5
1119,140000,5,TA,1,1958,1987,TA,CBlock,0,1601,TA,13825,1,6
1120,133700,5,TA,1,1959,1959,TA,CBlock,0,1040,TA,7560,1,6
1121,118400,6,TA,1,1920,1950,TA,BrkTil,0,1012,TA,8263,1,6
1122,212900,7,Gd,3,2005,2006,Gd,PConc,0,1552,Gd,10084,2,7
1123,112000,4,TA,1,1956,1956,TA,CBlock,0,960,TA,8926,1,5
1124,118000,5,TA,0,1947,2008,TA,CBlock,0,698,TA,9405,1,4
1125,163900,7,TA,2,1992,1992,Gd,PConc,1,1482,Gd,9125,2,7
1126,115000,4,TA,2,1955,1955,Fa,CBlock,0,1005,TA,10434,1,5
1127,174000,7,Gd,3,2007,2007,Gd,PConc,0,1555,Gd,3684,2,7
1128,259000,7,Gd,3,2004,2004,Gd,PConc,0,1530,Gd,14572,2,7
1129,215000,7,Gd,2,2004,2005,Gd,PConc,1,1959,Gd,11796,2,8
1130,140000,5,TA,2,1980,1980,TA,CBlock,0,936,Gd,7200,1,4
1131,135000,4,TA,2,1928,1950,Gd,BrkTil,0,1981,TA,7804,2,7
1132,93500,5,TA,0,1991,1992,TA,PConc,0,974,Gd,10712,1,5
1133,117500,6,TA,1,1880,1950,Fa,BrkTil,0,2210,TA,9900,2,8
1134,239500,8,Gd,2,1995,1995,Gd,PConc,1,2020,Gd,9828,2,8
1135,169000,6,TA,2,1997,1997,TA,PConc,1,1600,Gd,8773,2,7
1136,102000,6,TA,1,1926,1950,TA,BrkTil,0,986,TA,6180,1,5
1137,119000,6,TA,1,1950,1950,TA,CBlock,0,1252,TA,9600,1,6
1138,94000,5,TA,0,1875,1996,TA,CBlock,0,1020,TA,6342,1,6
1139,196000,6,TA,2,1977,1977,Gd,PConc,0,1567,TA,9819,2,5
1140,144000,5,TA,2,1920,1950,TA,BrkTil,0,1167,TA,8731,1,6
1141,139000,5,TA,2,1951,1951,TA,CBlock,0,952,TA,7350,1,4
1142,197500,5,TA,2,1976,1976,Gd,CBlock,1,1868,TA,10304,2,9
1143,424870,8,Gd,3,2006,2007,Gd,PConc,0,2828,Ex,9965,3,11
1144,80000,5,TA,0,1959,1959,TA,CBlock,0,1006,TA,9000,1,5
1145,80000,4,TA,1,1941,1950,Fa,BrkTil,0,924,Gd,12180,1,5
1146,149000,5,TA,1,1928,1950,TA,BrkTil,0,1576,TA,6240,1,8
1147,180000,6,Gd,2,1985,1985,Gd,CBlock,0,1298,Gd,11200,2,5
1148,174500,7,TA,1,1941,1950,Fa,CBlock,1,1564,TA,12000,1,7
1149,116900,7,TA,1,1926,1950,TA,PConc,0,1111,TA,5700,1,5
1150,143000,7,TA,2,1920,1988,TA,PConc,0,1482,TA,9000,1,7
1151,124000,6,TA,1,1950,1950,Gd,CBlock,0,932,TA,8280,1,4
1152,149900,5,TA,2,1959,1959,Fa,CBlock,1,1466,TA,17755,1,6
1153,230000,6,TA,2,1956,2004,Ex,PConc,0,1811,TA,14115,1,6
1154,120500,6,Gd,1,1930,2007,TA,BrkTil,0,816,TA,5890,1,5
1155,201800,7,TA,2,1965,1988,Gd,CBlock,2,1820,TA,13700,1,8
1156,218000,5,Gd,2,1976,2004,Gd,CBlock,0,1437,Gd,10768,2,6
1157,179900,5,TA,2,1965,1999,Gd,PConc,0,1265,TA,9350,2,6
1158,230000,7,Gd,2,2007,2008,Gd,PConc,0,1314,Gd,5001,2,6
1159,235128,8,Gd,3,2007,2008,Gd,PConc,0,1580,Gd,11932,2,7
1160,185000,6,Gd,2,1974,1974,Gd,CBlock,1,1876,TA,9120,2,8
1161,146000,6,TA,2,1978,1978,TA,CBlock,1,1456,Gd,2280,2,7
1162,224000,6,Gd,2,1954,2006,Gd,CBlock,0,1640,TA,14778,1,7
1163,129000,5,TA,2,1968,1968,TA,CBlock,0,894,Gd,8724,1,5
1164,108959,4,TA,2,1969,1969,TA,CBlock,2,1258,Gd,12900,0,6
1165,194000,5,TA,2,1978,1978,Gd,PConc,1,1432,Gd,16157,1,5
1166,233170,7,Gd,2,2009,2009,Gd,PConc,0,1502,Gd,9541,2,7
1167,245350,8,Gd,3,2008,2008,Gd,PConc,0,1694,Gd,10475,2,7
1168,173000,6,TA,2,2000,2000,TA,PConc,1,1671,Gd,10852,2,7
1169,235000,6,TA,2,1935,1986,Gd,CBlock,0,2108,TA,13728,2,7
1170,625000,10,Gd,3,1995,1996,Gd,PConc,1,3627,Ex,35760,3,10
1171,171000,6,TA,1,1977,1977,TA,CBlock,0,1118,TA,9880,1,6
1172,163000,6,TA,2,1958,1958,TA,CBlock,0,1261,TA,9120,1,6
1173,171900,7,Gd,2,2006,2007,Gd,PConc,1,1250,Gd,4017,2,5
1174,200500,5,TA,0,1946,1994,Ex,CBlock,0,3086,TA,18030,3,12
1175,239000,6,TA,2,1932,1950,TA,BrkTil,1,2345,Gd,16560,2,9
1176,285000,8,Gd,2,1992,2000,Gd,PConc,1,2872,Gd,10678,2,9
1177,119500,5,TA,1,1984,1985,TA,CBlock,0,923,TA,6951,1,5
1178,115000,6,TA,1,1926,2004,TA,CBlock,0,1224,TA,3950,1,5
1179,154900,5,TA,1,1921,1950,TA,BrkTil,1,1343,TA,7681,1,7
1181,250000,7,TA,2,1990,1991,TA,Wood,1,2514,Gd,11170,2,8
1182,392500,8,Ex,2,2008,2008,Gd,PConc,0,1652,Ex,5587,2,5
1183,745000,10,Gd,3,1996,1996,Ex,PConc,1,4476,Ex,15623,3,10
1184,120000,5,TA,2,1920,1950,TA,BrkTil,0,1130,TA,10800,1,5
1185,186700,5,TA,3,1963,1963,TA,CBlock,1,1572,TA,35133,1,5
1186,104900,5,TA,1,1924,1950,TA,BrkTil,0,1221,TA,9738,1,7
1187,95000,3,TA,2,1900,1970,TA,CBlock,0,1699,Fa,10615,2,7
1188,262000,8,Gd,3,1994,1995,Gd,PConc,0,1624,Gd,12461,2,5
1189,195000,7,Gd,2,2002,2002,Gd,PConc,1,1660,Gd,8935,2,7
1190,189000,7,TA,2,1999,1999,Gd,PConc,1,1804,TA,7500,2,7
1191,168000,4,TA,4,1961,1975,TA,CBlock,0,1622,TA,32463,1,7
1192,174000,8,Gd,2,1999,2000,Gd,PConc,1,1441,Gd,2645,2,5
1193,125000,5,TA,1,1925,1994,Gd,PConc,0,1472,TA,9600,1,6
1194,165000,6,TA,2,1999,1999,TA,PConc,0,1224,Ex,4500,2,5
1195,158000,6,TA,1,1969,1969,TA,CBlock,1,1352,TA,9364,1,7
1196,176000,6,TA,2,2005,2005,Gd,PConc,1,1456,Gd,8029,2,8
1197,219210,7,Gd,3,2006,2006,Gd,PConc,1,1863,Gd,14054,2,9
1198,144000,7,TA,1,1916,1950,TA,BrkTil,0,1690,TA,8850,1,7
1199,178000,7,Gd,2,2001,2001,Gd,PConc,0,1212,Gd,9100,2,6
1200,148000,4,TA,2,1963,1979,TA,CBlock,1,1382,TA,11235,1,6
1201,116050,4,TA,1,1970,1970,TA,CBlock,0,864,TA,9353,1,5
1202,197900,7,TA,2,1998,1998,Gd,PConc,1,1779,Gd,10400,2,6
1203,117000,5,TA,1,1925,1997,TA,BrkTil,0,1348,TA,6000,1,5
1204,213000,7,Gd,2,2000,2001,Gd,PConc,0,1630,Gd,9750,2,6
1205,153500,5,TA,2,1975,1975,TA,CBlock,1,1074,Gd,10140,1,6
1206,271900,7,Gd,3,1990,1991,Gd,CBlock,0,2196,Gd,14684,2,7
1207,107000,4,TA,1,1966,1966,TA,CBlock,0,1056,TA,8900,1,5
1208,200000,6,Gd,2,2003,2003,Gd,PConc,0,1700,Gd,9135,2,7
1209,140000,5,TA,2,1962,1980,TA,CBlock,0,1283,TA,7763,1,6
1210,290000,8,Gd,2,2006,2006,Gd,PConc,0,1660,Ex,10182,2,8
1211,189000,6,Gd,2,1992,1992,Gd,PConc,1,1845,Gd,11218,2,8
1212,164000,8,Gd,2,1988,2005,TA,Wood,0,1752,Gd,12134,2,8
1213,113000,4,TA,1,1941,1950,TA,CBlock,0,672,TA,9340,1,4
1214,145000,4,TA,1,1965,2001,TA,CBlock,0,960,TA,10246,0,3
1215,134500,5,TA,1,1962,1962,TA,CBlock,0,999,TA,10205,1,6
1216,125000,5,TA,1,1966,1966,TA,CBlock,0,894,TA,7094,1,5
1218,229456,8,Gd,2,2009,2009,Gd,PConc,0,1314,Gd,8640,2,6
1220,91500,6,TA,0,1971,1971,TA,CBlock,1,1218,TA,1680,1,7
1221,115000,5,TA,1,1964,1964,TA,CBlock,0,912,TA,7800,1,5
1222,134000,5,TA,1,1968,1968,TA,CBlock,0,1211,TA,8250,1,5
1223,143000,6,TA,1,1949,1950,TA,CBlock,0,1846,TA,10496,2,7
1224,137900,5,TA,2,1951,1951,TA,CBlock,0,2136,TA,10680,2,7
1225,184000,7,Gd,2,2004,2005,Gd,PConc,1,1490,Gd,15384,2,8
1226,145000,6,TA,1,1958,1958,TA,CBlock,0,1138,TA,10482,1,6
1227,214000,6,Gd,3,2007,2007,Gd,PConc,1,1933,Gd,14598,2,9
1228,147000,5,TA,2,1965,2008,Gd,CBlock,0,912,TA,8872,1,5
1229,367294,9,Ex,3,2008,2008,Ex,PConc,1,1702,Ex,8769,1,7
1230,127000,5,TA,1,1960,1960,TA,CBlock,0,1507,TA,7910,2,7
1231,190000,5,TA,2,1977,1977,TA,CBlock,2,2620,Gd,18890,2,12
1232,132500,5,TA,2,1962,1962,TA,CBlock,0,1190,TA,7728,1,6
1234,142000,5,TA,2,1959,1959,TA,CBlock,0,1188,TA,12160,1,6
1235,130000,5,TA,0,1911,1950,TA,PConc,1,1964,TA,8525,1,7
1236,138887,5,TA,1,1914,1950,TA,BrkTil,1,1784,Gd,13132,1,9
1237,175500,7,Gd,2,2003,2003,Gd,PConc,1,1626,Gd,2628,2,6
1238,195000,7,Gd,2,2004,2005,Gd,PConc,1,1948,Gd,12393,2,8
1239,142500,6,Gd,2,2005,2005,TA,PConc,1,1141,Gd,13072,1,6
1240,265900,8,Gd,2,2006,2006,Ex,PConc,0,1484,Gd,9037,2,6
1241,224900,7,Gd,2,2003,2003,Gd,PConc,1,1768,Gd,8158,2,8
1242,248328,7,Gd,3,2007,2007,Gd,PConc,0,1689,Gd,9849,2,7
1243,170000,7,TA,2,1974,1974,Gd,CBlock,0,1173,Gd,10625,2,6
1244,465000,10,Ex,3,2006,2006,Ex,PConc,1,2076,Ex,13891,2,7
1245,230000,8,TA,2,1929,1950,Gd,PConc,0,1517,Gd,11435,1,7
1246,178000,6,TA,2,1984,2003,TA,CBlock,1,1868,Gd,12090,3,7
1247,186500,7,Gd,2,2005,2006,Gd,PConc,1,1553,Gd,8125,2,6
1248,169900,6,TA,3,1976,1976,TA,CBlock,0,1034,TA,12328,1,6
1249,129500,6,TA,2,1917,1950,TA,BrkTil,1,2058,Gd,9600,1,8
1250,119000,5,TA,1,1950,1950,TA,CBlock,0,988,TA,7200,1,6
1251,244000,7,Gd,2,1968,1968,Ex,CBlock,1,2110,TA,11160,2,8
1252,171750,7,Gd,2,2003,2003,Gd,PConc,0,1405,Gd,3136,2,6
1253,130000,5,TA,1,1968,1968,TA,CBlock,0,874,TA,9858,1,5
1254,294000,7,Gd,2,1974,2003,Gd,CBlock,1,2167,TA,17542,2,9
1255,165400,7,Gd,2,2003,2004,Gd,PConc,1,1656,Gd,6931,2,7
1256,127500,6,TA,1,1931,1950,TA,BrkTil,0,1367,TA,6240,1,6
1257,301500,8,Gd,2,1994,1994,Gd,PConc,0,1987,Gd,14303,2,7
1258,99900,5,TA,0,1922,1950,TA,PConc,0,864,Fa,4060,1,4
1259,190000,7,Gd,2,2005,2005,Gd,PConc,0,1166,Gd,9587,2,5
1260,151000,6,TA,2,1969,1969,TA,CBlock,1,1054,Gd,9750,1,6
1261,181000,6,TA,2,1999,1999,TA,PConc,1,1675,Gd,24682,2,7
1262,128900,5,TA,1,1956,1956,TA,CBlock,0,1050,TA,9600,1,5
1263,161500,4,TA,1,1957,1989,TA,CBlock,0,1788,TA,11250,1,8
1264,180500,6,TA,2,1919,1950,TA,PConc,0,1824,TA,13515,1,8
1265,181000,6,Gd,2,1998,1999,Gd,PConc,0,1337,Gd,4060,2,5
1266,183900,7,Gd,2,1999,1999,Gd,PConc,1,1452,Gd,3735,2,6
1267,122000,7,Fa,1,1910,1950,TA,CBlock,1,1889,TA,10120,1,9
1268,378500,9,Ex,3,2008,2009,Ex,PConc,0,2018,Ex,13214,2,10
1269,381000,8,TA,3,1935,1997,Gd,CBlock,1,3447,TA,14100,3,11
1270,144000,5,TA,1,1958,1958,TA,CBlock,1,1524,TA,11344,1,7
1271,260000,7,Gd,2,1979,1979,Gd,PConc,1,1524,Gd,23595,0,4
1272,185750,6,TA,2,1968,1968,Gd,CBlock,0,1489,TA,9156,2,7
1273,137000,5,TA,1,1965,1965,TA,CBlock,0,935,TA,13526,1,5
1274,177000,6,TA,1,1959,2006,Ex,CBlock,0,1357,TA,11512,1,5
1275,139000,5,TA,2,1910,2003,TA,PConc,0,1250,TA,5362,2,8
1276,137000,5,TA,2,1948,1950,TA,CBlock,0,1920,TA,11345,2,10
1277,162000,6,TA,2,1972,1972,TA,CBlock,1,1395,TA,12936,1,6
1278,197900,6,TA,2,1967,1976,TA,CBlock,1,1724,Gd,17871,1,7
1279,237000,8,Gd,2,2002,2002,Gd,PConc,1,2031,Gd,9473,2,7
1280,68400,4,TA,2,1920,1950,TA,CBlock,0,1128,TA,7500,1,6
1281,227000,7,Gd,2,2002,2002,Gd,PConc,0,1573,Gd,9808,2,6
1282,180000,7,TA,2,1990,1990,TA,CBlock,0,1339,Gd,8049,2,6
1283,150500,5,TA,2,1977,2008,Gd,CBlock,0,1040,Gd,8800,2,5
1284,139000,6,TA,0,1971,1971,TA,CBlock,2,1824,TA,9400,2,8
1285,169000,6,TA,1,1919,1990,Gd,PConc,0,2447,TA,9638,2,10
1286,132500,6,TA,1,1939,1950,TA,CBlock,0,1412,TA,6000,1,6
1287,143000,6,TA,2,1963,1963,TA,CBlock,1,1328,TA,9790,1,6
1288,190000,5,TA,2,1964,1964,TA,CBlock,0,1582,TA,36500,2,7
1289,278000,8,Gd,2,2000,2000,Ex,PConc,0,1659,Gd,5664,2,5
1290,281000,8,Gd,3,2006,2006,Ex,PConc,1,1970,Gd,11065,2,8
1291,180500,5,TA,2,1964,1964,TA,PConc,0,1152,TA,14112,1,6
1292,119500,5,TA,1,1972,1972,TA,CBlock,1,1302,TA,1680,2,6
1293,107500,5,TA,1,1892,1965,TA,Stone,0,2372,TA,6600,2,11
1294,162900,7,TA,2,1976,1976,TA,PConc,1,1664,Gd,10140,2,8
1295,115000,5,TA,2,1955,1990,TA,CBlock,0,864,TA,8172,1,5
1296,138500,5,TA,1,1968,1968,TA,CBlock,1,1052,TA,8400,1,5
1297,155000,5,TA,2,1963,1963,TA,CBlock,0,1128,TA,8700,2,6
1298,140000,6,TA,2,2005,2006,TA,PConc,0,1072,Gd,3675,2,5
1299,160000,10,Ex,2,2008,2008,Ex,PConc,1,5642,Ex,63887,2,12
1300,154000,5,TA,1,1959,1994,Gd,CBlock,1,1246,TA,7500,1,6
1301,225000,7,Gd,2,1999,1999,Gd,PConc,1,1983,Gd,10762,2,9
1302,177500,6,TA,1,1942,1950,Gd,CBlock,0,1494,TA,7500,1,7
1303,290000,8,Gd,3,1994,1994,Gd,PConc,1,2526,Gd,10120,2,8
1304,232000,7,Gd,3,2005,2005,Gd,PConc,0,1616,Gd,8688,2,7
1305,130000,7,Gd,2,2004,2004,Gd,PConc,0,1708,Gd,3363,2,7
1306,325000,9,Gd,2,2006,2007,Ex,PConc,0,1652,Ex,13173,2,6
1307,202500,7,Gd,2,2005,2006,Gd,PConc,0,1368,Gd,6955,2,6
1308,138000,5,TA,2,1994,1995,TA,PConc,0,990,Gd,8072,1,5
1309,147000,5,TA,2,1948,2005,Gd,CBlock,0,1122,TA,12000,1,6
1310,179200,6,TA,2,1991,1991,Gd,CBlock,0,1294,Gd,7153,2,6
1311,335000,7,Gd,2,1959,2002,Ex,PConc,0,1902,Gd,17500,2,7
1312,203000,7,Gd,2,2005,2007,Gd,PConc,0,1274,Gd,8814,2,6
1313,302000,8,Gd,2,1990,1990,Gd,PConc,1,2810,Ex,9572,2,9
1314,333168,9,Gd,3,1999,1999,Gd,PConc,1,2599,Gd,14774,2,10
1315,119000,4,TA,1,1954,1954,TA,CBlock,0,948,TA,8190,1,5
1316,206900,6,TA,2,1969,1969,TA,CBlock,1,2112,Fa,11075,2,9
1317,295493,8,Gd,3,2008,2008,Ex,PConc,0,1630,Ex,10226,2,8
1318,208900,7,Gd,2,2006,2007,Gd,PConc,0,1352,Ex,4230,2,5
1319,275000,8,Gd,3,2001,2002,Gd,PConc,0,1787,Gd,14781,2,7
1320,111000,4,TA,1,1954,1954,TA,PConc,0,948,TA,10215,1,5
1321,156500,6,TA,2,1957,1957,TA,CBlock,1,1478,TA,8400,1,6
1323,190000,7,Gd,2,1992,1992,Gd,PConc,1,1923,Gd,10186,2,8
1324,82500,4,Fa,0,1940,1950,Fa,CBlock,0,708,TA,5330,1,5
1325,147000,8,Gd,3,2006,2007,Gd,PConc,0,1795,Ex,9986,2,7
1326,55000,4,TA,0,1922,1950,TA,BrkTil,0,796,TA,3636,1,5
1327,79000,3,TA,0,1931,2006,Gd,BrkTil,0,774,TA,4270,1,6
1328,130500,5,Gd,1,1982,2008,Gd,CBlock,0,816,TA,6600,1,5
1329,256000,6,Gd,2,1920,1950,TA,BrkTil,0,2792,Gd,10440,2,8
1330,176500,7,TA,2,1998,1998,TA,PConc,1,1632,Gd,9084,2,8
1331,227000,8,Gd,3,2006,2006,Gd,PConc,0,1588,Gd,10000,2,7
1332,132500,5,TA,2,1976,1976,TA,CBlock,0,954,TA,10780,1,6
1333,100000,4,TA,1,1938,1958,TA,CBlock,0,816,TA,8877,1,3
1334,125500,5,TA,1,1938,1995,Gd,CBlock,1,1360,TA,7200,1,6
1335,125000,5,TA,2,1970,1970,TA,CBlock,1,1365,TA,2368,1,7
1336,167900,6,TA,2,1977,1977,TA,CBlock,0,1334,Gd,9650,2,6
1337,135000,5,TA,2,1973,1973,TA,CBlock,0,1656,TA,9246,2,8
1338,52500,4,TA,0,1941,1950,Fa,CBlock,0,693,TA,4118,1,4
1339,200000,7,Gd,2,2002,2002,Gd,PConc,1,1861,Gd,13450,2,8
1340,128500,5,TA,1,1972,1972,TA,CBlock,0,864,TA,9560,1,5
1341,123000,4,TA,4,1971,1971,TA,CBlock,0,872,TA,8294,1,5
1342,155000,6,TA,2,2003,2004,Gd,PConc,0,1114,Gd,13695,1,6
1343,228500,8,Gd,2,2002,2002,Gd,PConc,1,2169,Gd,9375,2,7
1344,177000,6,TA,2,1928,1950,TA,BrkTil,1,1913,TA,7558,1,9
1345,155835,7,Gd,2,2006,2006,Gd,PConc,1,1456,Gd,11103,2,8
1346,108500,4,TA,1,1920,1950,Fa,PConc,0,960,TA,6000,1,5
1347,262500,7,TA,2,1968,2003,TA,CBlock,0,2156,TA,20781,2,9
1348,283463,8,Gd,3,2006,2007,Gd,PConc,0,1776,Ex,15306,2,7
1349,215000,7,Gd,2,1998,1998,Gd,PConc,0,1494,Gd,16196,2,5
1350,122000,8,TA,0,1872,1987,TA,BrkTil,0,2358,TA,5250,2,8
1351,200000,5,TA,4,1969,1969,TA,CBlock,2,2634,TA,11643,2,12
1352,171000,6,TA,2,1962,1962,TA,CBlock,1,1716,TA,9247,1,8
1353,134900,6,Gd,2,1937,2000,TA,BrkTil,0,1176,TA,6000,1,4
1354,410000,8,Gd,3,1995,1996,Gd,PConc,1,3238,Gd,14720,2,9
1355,235000,7,Gd,3,2000,2000,Gd,PConc,1,1865,Gd,10316,2,7
1356,170000,7,TA,2,1968,1992,Gd,CBlock,0,1920,TA,10192,3,8
1357,110000,5,TA,1,1966,1966,TA,CBlock,0,892,TA,9477,1,5
1358,149900,5,TA,2,1971,2008,TA,CBlock,1,1078,TA,12537,1,6
1359,177500,6,Gd,2,2000,2000,Gd,PConc,1,1573,Gd,2117,2,5
1360,315000,9,Gd,3,2004,2005,Ex,PConc,0,1980,Ex,16737,2,8
1361,189000,5,TA,2,1921,1998,TA,BrkTil,1,2601,TA,9842,3,8
1362,260000,7,Gd,2,2005,2005,Gd,PConc,0,1530,Ex,16158,2,7
1363,104900,4,TA,1,1920,2007,TA,BrkTil,0,1738,TA,12513,2,7
1364,156932,6,TA,2,2006,2007,Gd,PConc,1,1412,Gd,8499,2,6
1365,144152,7,Gd,2,2005,2005,Gd,PConc,1,1200,Gd,3180,2,4
1366,216000,7,Gd,2,2000,2000,Gd,PConc,1,1674,Gd,7500,2,7
1367,193000,7,Gd,2,1999,1999,Gd,PConc,1,1790,Gd,9179,2,7
1368,127000,5,TA,1,1977,1977,TA,PConc,0,1475,TA,2665,2,6
1369,144000,6,Gd,2,2003,2004,Gd,PConc,0,848,Gd,4435,1,4
1370,232000,8,Gd,2,2003,2003,Gd,PConc,0,1668,Gd,10635,2,8
1371,105000,4,Fa,1,1920,1950,TA,PConc,0,1374,TA,5400,1,6
1372,165500,6,TA,1,1955,1996,Gd,CBlock,0,1661,TA,9600,1,8
1373,274300,7,TA,2,1998,1998,Gd,PConc,1,2097,Gd,9750,2,8
1374,466500,10,Ex,3,2001,2002,Ex,PConc,1,2633,Ex,11400,2,8
1375,250000,7,Gd,3,2005,2005,Gd,PConc,1,1958,Gd,10625,2,9
1376,239000,8,Gd,3,2007,2007,Gd,PConc,0,1571,Gd,10991,2,7
1377,91000,6,TA,1,1930,1950,TA,BrkTil,0,790,Gd,6292,1,4
1378,117000,5,TA,2,1941,1960,TA,CBlock,0,1604,TA,10998,2,6
1379,83000,6,TA,1,1973,1973,TA,CBlock,1,987,TA,1953,1,5
1380,167500,5,TA,2,2006,2007,Gd,PConc,1,1394,Gd,9735,2,7
1381,58500,3,TA,1,1914,1950,TA,BrkTil,0,864,TA,8212,1,5
1382,237500,6,TA,2,1970,1970,TA,CBlock,1,2117,TA,12925,2,7
1383,157000,7,TA,2,1920,1950,Gd,BrkTil,1,1762,Fa,7200,1,8
1384,112000,5,TA,2,1918,2007,Gd,BrkTil,0,1416,TA,25339,2,7
1385,105000,6,TA,1,1939,1950,TA,BrkTil,0,1258,TA,9060,1,6
1386,125500,4,TA,1,1922,2007,Gd,BrkTil,0,1154,TA,5436,1,7
1387,250000,7,TA,2,1978,1978,Gd,CBlock,1,2784,Gd,16692,3,12
1388,136000,6,TA,1,1916,1950,Gd,BrkTil,0,2526,TA,8520,2,10
1389,377500,9,Ex,3,2006,2007,Ex,PConc,0,1746,Ex,14892,2,7
1390,131000,6,TA,2,1941,1950,TA,BrkTil,0,1218,TA,6000,1,6
1391,235000,7,Gd,2,2000,2000,Gd,PConc,0,1525,Gd,9100,2,6
1392,124000,5,TA,3,1967,1967,TA,CBlock,0,1584,TA,8944,2,8
1393,123000,5,TA,1,1967,1967,TA,CBlock,0,900,TA,7838,1,6
1394,163000,6,TA,2,1905,2000,TA,BrkTil,0,1912,Fa,10800,2,7
1395,246578,7,Gd,3,2006,2006,Gd,PConc,0,1500,Gd,4045,2,6
1396,281213,8,Gd,3,2005,2006,Gd,PConc,1,2482,Gd,12665,2,9
1397,160000,5,TA,2,1948,1950,TA,CBlock,0,1687,TA,57200,1,7
1398,137500,5,TA,1,1920,2004,TA,BrkTil,1,1513,TA,6120,1,8
1399,138000,5,TA,1,1950,1982,TA,CBlock,1,1904,TA,7200,1,7
1400,137450,6,TA,1,1925,1990,Gd,BrkTil,1,1608,TA,6171,2,7
1401,120000,6,TA,1,1929,1950,TA,BrkTil,0,1158,TA,6000,1,5
1402,193000,6,TA,2,2004,2004,TA,PConc,1,1593,TA,7415,2,8
1403,193879,7,Gd,2,2006,2006,Gd,PConc,0,1294,Gd,6762,2,6
1404,282922,8,Gd,3,2007,2007,Gd,PConc,0,1464,Gd,15256,2,6
1405,105000,3,TA,3,1915,1950,TA,PConc,0,1214,TA,10410,1,6
1406,275000,8,Gd,2,2004,2005,Gd,PConc,0,1646,Ex,3842,2,5
1407,133000,5,TA,2,1972,2007,TA,CBlock,0,768,Gd,8445,1,5
1408,112000,5,TA,0,1985,1985,TA,CBlock,0,833,TA,8780,1,5
1409,125500,4,TA,2,1910,1950,TA,CBlock,0,1363,Fa,7740,1,6
1410,215000,7,TA,2,1986,1991,TA,CBlock,1,2093,Gd,20544,2,7
1411,230000,7,Gd,2,2001,2001,Gd,PConc,1,1840,Gd,12420,2,6
1412,140000,6,TA,1,1950,2005,TA,CBlock,1,1668,TA,9600,1,6
1414,257000,8,Gd,2,2005,2006,Gd,PConc,0,1844,Gd,10994,2,7
1415,207000,6,TA,2,1923,2000,Gd,BrkTil,1,1848,TA,13053,1,8
1416,175900,7,Gd,3,2007,2007,Gd,PConc,0,1569,Gd,3635,2,7
1417,122500,4,TA,2,1885,1950,TA,PConc,0,2290,TA,11340,2,11
1418,340000,8,Gd,3,1998,1998,Gd,PConc,1,2450,Gd,16545,2,7
1419,124000,5,TA,1,1963,1963,TA,CBlock,1,1144,TA,9204,1,6
1420,223000,6,Gd,2,1969,1969,Gd,CBlock,0,1844,TA,16381,2,7
1421,179900,6,TA,2,1968,1968,TA,CBlock,1,1416,TA,11700,2,7
1422,127500,6,TA,2,1977,1977,TA,CBlock,0,1069,Gd,4043,2,4
1423,136500,6,Gd,2,2003,2003,Gd,PConc,0,848,Gd,4435,1,3
1424,274970,6,Gd,2,1966,1966,Gd,CBlock,0,2201,Gd,19690,2,8
1425,144000,5,TA,1,1958,1983,TA,CBlock,0,1344,TA,9503,1,6
1426,142000,6,Gd,2,1959,1959,Gd,CBlock,0,1252,TA,10721,1,7
1427,271000,7,Gd,2,1994,1994,Gd,PConc,1,2127,Gd,10944,2,5
1428,140000,5,TA,1,1945,1950,TA,CBlock,1,1558,TA,10930,1,6
1429,119000,5,TA,1,1940,1992,Gd,CBlock,0,804,TA,7200,1,4
1430,182900,6,Gd,2,1981,1981,Gd,CBlock,0,1440,Gd,12546,2,7
1431,192140,5,Gd,2,2005,2005,TA,PConc,1,1838,Gd,21930,2,7
1432,143750,6,TA,2,1976,1976,TA,CBlock,0,958,Gd,4928,2,5
1433,64500,4,TA,1,1927,2007,TA,BrkTil,0,968,TA,10800,2,5
1434,186500,6,TA,2,2000,2000,TA,PConc,1,1792,Gd,10261,2,8
1435,160000,5,TA,2,1977,1977,TA,CBlock,0,1126,TA,17400,2,5
1436,174000,6,Gd,2,1962,2005,Gd,CBlock,1,1537,TA,8400,1,7
1437,120500,4,TA,2,1971,1971,TA,PConc,0,864,TA,9000,1,5
1438,394617,8,Ex,3,2008,2008,Ex,PConc,0,1932,Ex,12444,2,7
1439,149700,6,TA,2,1957,1996,TA,CBlock,0,1236,TA,7407,1,6
1440,197000,7,TA,2,1979,1979,TA,CBlock,1,1725,TA,11584,2,6
1441,191000,6,TA,2,1922,1994,TA,BrkTil,0,2555,Ex,11526,2,11
1442,149300,6,Gd,2,2004,2004,Gd,PConc,0,848,Gd,4426,1,3
1443,310000,10,Ex,3,2008,2008,Ex,PConc,1,2007,Ex,11003,2,10
1444,121000,6,TA,1,1916,1950,Fa,BrkTil,0,952,TA,8854,1,4
1445,179600,7,Gd,2,2004,2004,Gd,PConc,0,1422,Gd,8500,2,7
1446,129000,6,TA,1,1966,1966,TA,CBlock,0,913,TA,8400,1,6
1447,157900,5,TA,1,1962,1962,TA,CBlock,0,1188,TA,26142,1,6
1448,240000,8,Gd,2,1995,1996,Gd,PConc,1,2090,Gd,10000,2,8
1449,112000,4,TA,1,1910,2000,TA,CBlock,1,1346,Fa,11767,1,6
1450,92000,5,TA,0,1970,1970,Ex,CBlock,0,630,Gd,1533,1,3
1451,136000,5,TA,0,1974,1974,TA,CBlock,2,1792,Gd,9000,2,8
1452,287090,8,Gd,3,2008,2009,Ex,PConc,0,1578,Gd,9262,2,7
1453,145000,5,TA,2,2005,2005,TA,PConc,0,1072,Gd,3675,1,5
1454,84500,5,TA,0,2006,2006,TA,PConc,0,1140,Gd,17217,1,6
1455,185000,7,Gd,2,2004,2005,Gd,PConc,0,1221,Gd,7500,2,6
1456,175000,6,TA,2,1999,2000,TA,PConc,1,1647,Gd,7917,2,7
1457,210000,6,TA,2,1978,1988,TA,CBlock,0,2073,Gd,13175,2,7
1458,266500,7,Ex,1,1941,2006,Gd,Stone,0,2340,TA,9042,2,9
1459,142125,5,TA,1,1950,1996,Gd,CBlock,0,1078,TA,9717,1,5
1460,147500,5,Gd,1,1965,1965,TA,CBlock,1,1256,TA,9937,1,6
